"data","temp_media","umidade","nivel_alerta_infogripe"
2020-01-01,30.0783013033438,71.2614850172191,"Baixo"
2020-01-02,30.1491140212106,76.073408819623,"Baixo"
2020-01-03,28.1355851185621,79.7131161562666,"Baixo"
2020-01-04,31.9836357340676,80.3339968326331,"Baixo"
2020-01-05,26.5726800336998,69.534908553114,"Baixo"
2020-01-06,31.2645078175465,74.4321162482572,"Baixo"
2020-01-07,22.8278340954605,77.4062928475456,"Baixo"
2020-01-08,32.3905481119629,68.8679315125798,"Baixo"
2020-01-09,29.5463752399621,70.5794983282835,"Baixo"
2020-01-10,29.3046304724786,72.6857309678666,"Baixo"
2020-01-11,23.7521330957306,78.2056250060235,"Baixo"
2020-01-12,28.1056278390843,75.4000198626796,"Baixo"
2020-01-13,26.0255119481349,78.6949964529595,"Baixo"
2020-01-14,25.9893245069981,69.9449718654808,"Baixo"
2020-01-15,26.0108757367069,76.1188609254676,"Baixo"
2020-01-16,28.9121882841767,75.8130184759332,"Baixo"
2020-01-17,22.0528614130059,70.7501233965326,"Baixo"
2020-01-18,28.7239758029661,63.6192174579934,"Baixo"
2020-01-19,29.4241099049628,78.0557118821463,"Baixo"
2020-01-20,26.4511675022543,64.7929995527512,"Baixo"
2020-01-21,29.2793991103489,69.2969633406316,"Baixo"
2020-01-22,28.2280215076666,69.48849295205,"Baixo"
2020-01-23,25.1883408562089,72.7354957982285,"Baixo"
2020-01-24,25.6921653940423,71.550229776258,"Baixo"
2020-01-25,25.6207219269772,69.9154347232164,"Baixo"
2020-01-26,25.9436828084901,79.7454444357851,"Baixo"
2020-01-27,31.3075407627176,63.3665158462125,"Baixo"
2020-01-28,26.6575125086619,71.6724607158643,"Baixo"
2020-01-29,29.3285988808303,71.1332556686199,"Baixo"
2020-01-30,30.0769722449822,79.5847038238781,"Baixo"
2020-01-31,25.3018992301139,78.3592784548744,"Baixo"
2020-02-01,28.7428809661729,82.7366337692097,"Baixo"
2020-02-02,27.0932242980624,81.2350478317577,"Baixo"
2020-02-03,27.4235436523266,76.1811314268127,"Baixo"
2020-02-04,29.060624974578,87.0050341331832,"Baixo"
2020-02-05,28.7137263516347,76.7534510382299,"Baixo"
2020-02-06,29.1439899317588,76.7030273969777,"Baixo"
2020-02-07,29.750230771655,77.0590602971695,"Baixo"
2020-02-08,28.0595257315671,74.9540837008174,"Baixo"
2020-02-09,25.0620289407274,76.378956748684,"Baixo"
2020-02-10,30.1847205080351,80.9524717988288,"Baixo"
2020-02-11,28.381218606452,74.6288359817284,"Baixo"
2020-02-12,29.6248872670374,78.3481776552873,"Baixo"
2020-02-13,30.4759095010676,78.3133499501488,"Baixo"
2020-02-14,28.5049890614249,68.9393627328822,"Baixo"
2020-02-15,22.7639322892929,82.7271777190646,"Baixo"
2020-02-16,25.1697172445894,75.2693771417965,"Baixo"
2020-02-17,25.3588035538232,80.2841730814489,"Baixo"
2020-02-18,26.8646034072114,71.5056690834419,"Baixo"
2020-02-19,25.4791984432647,72.6945084896616,"Baixo"
2020-02-20,25.17766202626,80.0321073056233,"Baixo"
2020-02-21,30.480715598219,78.1884016399951,"Baixo"
2020-02-22,27.7916637916786,79.0767876545537,"Baixo"
2020-02-23,26.5797230336043,74.3936678173477,"Baixo"
2020-02-24,26.7279159891181,75.2710993987544,"Baixo"
2020-02-25,27.6538064025175,77.0669670221033,"Baixo"
2020-02-26,24.7404774349353,73.9999201474632,"Baixo"
2020-02-27,28.7673540744189,75.849643519051,"Baixo"
2020-02-28,25.2620719933655,75.6228399040296,"Baixo"
2020-02-29,25.2033664354977,76.4595265309684,"Baixo"
2020-03-01,22.3302964917363,74.9594961751206,"Baixo"
2020-03-02,21.7560995794301,90.7203052807131,"Baixo"
2020-03-03,22.951141834535,80.2664297674234,"Baixo"
2020-03-04,21.8908926277372,83.3156513969551,"Baixo"
2020-03-05,26.1141485741678,79.3787431442767,"Baixo"
2020-03-06,23.8249148629748,80.8786883140014,"Baixo"
2020-03-07,23.4038875304274,79.3841293260587,"Baixo"
2020-03-08,26.5434842581262,73.303808516846,"Baixo"
2020-03-09,21.3812318238822,75.4478797422506,"Baixo"
2020-03-10,23.3315172152513,75.1092566218118,"Baixo"
2020-03-11,22.3763805950148,75.0026033807569,"Baixo"
2020-03-12,22.777801305166,76.9366257011733,"Baixo"
2020-03-13,24.1224744072253,77.3092586839129,"Baixo"
2020-03-14,26.1285325810324,75.855685736743,"Baixo"
2020-03-15,24.2165024195785,80.4079407801079,"Baixo"
2020-03-16,25.759252492609,72.145121709736,"Baixo"
2020-03-17,21.7150368940378,79.8103332168285,"Baixo"
2020-03-18,25.911300651317,84.6130366453785,"Baixo"
2020-03-19,21.5853521258124,81.126910889717,"Baixo"
2020-03-20,23.2831197312343,77.9702991976294,"Baixo"
2020-03-21,24.4785261697933,79.0408285745658,"Baixo"
2020-03-22,26.8284903648865,83.8748829639929,"Baixo"
2020-03-23,25.3067441844294,85.0566935493453,"Baixo"
2020-03-24,20.1773522142776,74.9476561657943,"Baixo"
2020-03-25,25.0070387398874,76.2858452868695,"Baixo"
2020-03-26,25.5894993811369,72.0393843574888,"Baixo"
2020-03-27,27.8823350583532,78.1648183746315,"Baixo"
2020-03-28,24.9909920816355,74.443441072626,"Baixo"
2020-03-29,25.1007676079198,80.7852113528651,"Baixo"
2020-03-30,23.3881373608634,73.2007350001542,"Baixo"
2020-03-31,24.3790376865305,82.2082255704529,"Baixo"
2020-04-01,20.8123118418792,73.5528224636173,"Baixo"
2020-04-02,22.5814187306256,78.4240457475704,"Baixo"
2020-04-03,21.5065529710879,78.1675999087525,"Baixo"
2020-04-04,18.9834552252539,68.9507627566633,"Médio"
2020-04-05,18.7613005538649,81.2530117636455,"Médio"
2020-04-06,20.6002848427645,79.2472930681583,"Baixo"
2020-04-07,17.0204167441062,74.2762718258883,"Médio"
2020-04-08,19.4755076693556,71.4369961217155,"Médio"
2020-04-09,19.9423221263513,77.2798606430502,"Médio"
2020-04-10,17.8588742810269,81.2138219358886,"Médio"
2020-04-11,20.5281165446286,80.3146190724832,"Baixo"
2020-04-12,19.940718240055,67.0786151301137,"Médio"
2020-04-13,20.3883648484731,75.5501677284062,"Baixo"
2020-04-14,19.3815088535785,76.1723869142617,"Médio"
2020-04-15,20.4454823055786,74.4240948800013,"Baixo"
2020-04-16,18.9378023373703,91.7151661217665,"Médio"
2020-04-17,16.9222531189401,74.1996794616745,"Médio"
2020-04-18,21.8038959656302,70.9449342010075,"Baixo"
2020-04-19,17.5278598775445,79.4010553013919,"Médio"
2020-04-20,20.7541363015603,77.6237268516802,"Baixo"
2020-04-21,19.7509711374947,79.0256405311541,"Médio"
2020-04-22,19.0197411129414,85.3156571749769,"Médio"
2020-04-23,19.3637310676908,74.0861643166556,"Médio"
2020-04-24,17.7727222349864,77.8702206684155,"Médio"
2020-04-25,19.3083331709512,81.6892574582238,"Médio"
2020-04-26,19.1894670452365,81.0353148340054,"Médio"
2020-04-27,20.7580581299821,71.9249000871795,"Baixo"
2020-04-28,18.2676299728733,81.392852408286,"Médio"
2020-04-29,21.2737197193407,72.6418675712269,"Baixo"
2020-04-30,21.3290319456508,75.10041155924,"Baixo"
2020-05-01,14.0024212348075,77.0029925676414,"Alto"
2020-05-02,18.0639861439702,70.7010704589451,"Médio"
2020-05-03,17.9369753514986,87.1124374889971,"Médio"
2020-05-04,13.8780186803812,78.6119513364398,"Alto"
2020-05-05,15.8062451041894,73.3934288713015,"Médio"
2020-05-06,17.3054364895974,79.5586571339781,"Médio"
2020-05-07,15.026213288405,75.3490978999172,"Médio"
2020-05-08,15.7996482570983,80.7960437012252,"Médio"
2020-05-09,15.020817678796,73.4888851559326,"Médio"
2020-05-10,13.5035099826808,76.1260826225075,"Alto"
2020-05-11,15.1837455845253,74.1006849880856,"Médio"
2020-05-12,13.8789455501558,67.8458391454262,"Alto"
2020-05-13,17.8378620068571,68.5890373167772,"Médio"
2020-05-14,15.0164591572603,74.3699601387759,"Médio"
2020-05-15,19.8040149943549,68.4969462177373,"Médio"
2020-05-16,18.1370026338841,81.1504481547522,"Médio"
2020-05-17,16.6189616944199,80.8068147733205,"Médio"
2020-05-18,15.4402842812765,82.2799290194705,"Médio"
2020-05-19,14.7724480028057,81.7988198392727,"Alto"
2020-05-20,14.7798403041182,82.0127903463318,"Alto"
2020-05-21,12.4900979919263,71.2904869468158,"Alto"
2020-05-22,18.895198073232,63.6831867824101,"Médio"
2020-05-23,15.2187316428587,74.2929079451542,"Médio"
2020-05-24,19.0310209946188,81.4376885079942,"Médio"
2020-05-25,18.030090229872,73.3469491876791,"Médio"
2020-05-26,14.557392121192,74.8191931056968,"Alto"
2020-05-27,16.5005186877466,77.7628478382168,"Médio"
2020-05-28,15.3631848878614,73.4736056550022,"Médio"
2020-05-29,16.1329494328112,73.4847037702324,"Médio"
2020-05-30,15.8275581640065,69.326000459708,"Médio"
2020-05-31,17.5075040922048,75.5406250199093,"Médio"
2020-06-01,12.0553641308714,58.192141470057,"Alto"
2020-06-02,14.3985121029402,65.1692005298301,"Alto"
2020-06-03,14.088555909957,72.1795916448089,"Alto"
2020-06-04,14.1010150475446,66.0056238776843,"Alto"
2020-06-05,12.0136374754772,75.3346651950603,"Alto"
2020-06-06,13.925330595683,70.0262055643151,"Alto"
2020-06-07,12.064709818656,77.141687178906,"Alto"
2020-06-08,12.0602269138954,71.3942454824352,"Alto"
2020-06-09,12.1009495379164,62.6376976764895,"Alto"
2020-06-10,12.3502811920861,77.7619485517962,"Alto"
2020-06-11,11.592511772275,75.8468428537998,"Alto"
2020-06-12,10.969831566007,68.5156974915486,"Alto"
2020-06-13,12.1013221730225,72.8616709009684,"Alto"
2020-06-14,12.599961621215,64.3788599598867,"Alto"
2020-06-15,14.8087826533828,76.478640992228,"Alto"
2020-06-16,14.6066417498566,68.4437092099049,"Alto"
2020-06-17,10.5886220211836,70.0135742335433,"Alto"
2020-06-18,11.2778177303212,80.6712057881578,"Alto"
2020-06-19,12.0159950533037,62.5698398756502,"Alto"
2020-06-20,13.2692642403103,66.7438255461593,"Alto"
2020-06-21,15.2212137994382,65.5215802074993,"Médio"
2020-06-22,14.1589441211088,66.7994614317706,"Alto"
2020-06-23,11.5723919079932,68.4476235399266,"Alto"
2020-06-24,10.255396542481,72.7889266485181,"Alto"
2020-06-25,15.1082114973602,67.063200545711,"Médio"
2020-06-26,8.52011823548474,68.0357284501917,"Alto"
2020-06-27,14.8656434243901,70.9083693843084,"Alto"
2020-06-28,13.8151486903564,76.9784134714001,"Alto"
2020-06-29,11.0636410596409,77.6188869299308,"Alto"
2020-06-30,10.265834946743,81.6373812033905,"Alto"
2020-07-01,10.3791995018169,64.4815089374124,"Alto"
2020-07-02,11.081756272139,64.2217635787445,"Alto"
2020-07-03,11.2712634925409,64.6073374648077,"Alto"
2020-07-04,14.0412663554742,71.3047474980196,"Alto"
2020-07-05,14.2475710794564,62.9258348928941,"Alto"
2020-07-06,8.67263853525554,64.3925946086104,"Alto"
2020-07-07,9.78604179737813,67.7328569891614,"Alto"
2020-07-08,10.8524543193145,56.5650237407198,"Alto"
2020-07-09,11.6353102039321,62.8841606901906,"Alto"
2020-07-10,12.4864022586243,60.0120421153155,"Alto"
2020-07-11,13.016735963597,69.1650245442772,"Alto"
2020-07-12,9.34447034736443,67.8635808417778,"Alto"
2020-07-13,13.1563064132467,53.0406346257457,"Alto"
2020-07-14,14.0434339200165,64.0824014436797,"Alto"
2020-07-15,12.9792831376028,66.6696468776579,"Alto"
2020-07-16,10.1065299056491,61.3868398256014,"Alto"
2020-07-17,12.1939400438908,66.4774594365391,"Alto"
2020-07-18,13.415319914685,60.7077301694003,"Alto"
2020-07-19,11.0724228534752,57.5325314049173,"Alto"
2020-07-20,13.2859802282189,67.3624452845527,"Alto"
2020-07-21,16.5997149241787,75.881404105947,"Médio"
2020-07-22,12.5772162851701,64.0136669365244,"Alto"
2020-07-23,12.6358608624965,73.5109611852259,"Alto"
2020-07-24,8.69362907415912,67.3842876963369,"Alto"
2020-07-25,10.9400726204035,72.2137235166529,"Alto"
2020-07-26,10.3534185244935,69.3402968229027,"Alto"
2020-07-27,12.9963802165968,65.9969417282172,"Alto"
2020-07-28,13.9411245543591,66.1486436019235,"Alto"
2020-07-29,11.4346045002637,63.6805037310972,"Alto"
2020-07-30,9.79078850458232,65.6710805446124,"Alto"
2020-07-31,10.1364223430261,58.0596863379128,"Alto"
2020-08-01,12.7063697272777,62.6081839640519,"Alto"
2020-08-02,11.8868316223199,60.9009281727827,"Alto"
2020-08-03,14.5174950071925,58.3136532943377,"Alto"
2020-08-04,11.3331414721625,72.2812065149067,"Alto"
2020-08-05,15.1233112713689,63.1982791421024,"Médio"
2020-08-06,9.60446712165937,62.7516985223411,"Alto"
2020-08-07,15.6871672003196,56.254331202022,"Médio"
2020-08-08,15.3046960470807,62.6433668970252,"Médio"
2020-08-09,10.3213153591496,59.5497811785891,"Alto"
2020-08-10,13.8163578954232,64.4543244801921,"Alto"
2020-08-11,14.4112755820773,59.2214816633924,"Alto"
2020-08-12,10.7861940074536,55.8123946743081,"Alto"
2020-08-13,12.2052425168103,71.9297176220385,"Alto"
2020-08-14,13.1988924987466,61.2788146228616,"Alto"
2020-08-15,11.8364555252359,57.1825050743767,"Alto"
2020-08-16,14.5582825734785,70.4308510457884,"Alto"
2020-08-17,12.3282131668024,66.0898795102338,"Alto"
2020-08-18,15.4710032988376,68.7224861978282,"Médio"
2020-08-19,14.1060116710609,63.2514974658782,"Alto"
2020-08-20,13.0609537050984,64.5702427747445,"Alto"
2020-08-21,14.6327407567301,61.6013778140013,"Alto"
2020-08-22,13.751409496866,63.0614460429503,"Alto"
2020-08-23,11.9617078019745,67.2952443822869,"Alto"
2020-08-24,12.1644736437351,64.00322257457,"Alto"
2020-08-25,13.2441346410814,61.2460134594301,"Alto"
2020-08-26,14.6046434169716,66.1954234004826,"Alto"
2020-08-27,12.7369817463909,70.5247345574057,"Alto"
2020-08-28,16.3969710681839,61.2719502497472,"Médio"
2020-08-29,17.5941907796879,65.0510471981597,"Médio"
2020-08-30,17.7527028142215,54.934773779234,"Médio"
2020-08-31,18.8734797111522,60.3271681343046,"Médio"
2020-09-01,16.6437617078835,60.5627318093488,"Médio"
2020-09-02,14.3395204165288,61.7819878082382,"Alto"
2020-09-03,14.6359346998289,59.5310990153212,"Alto"
2020-09-04,17.9639265264335,58.2564368073431,"Médio"
2020-09-05,14.7499940600082,53.4995456196081,"Alto"
2020-09-06,15.2907566237883,62.0042468353381,"Médio"
2020-09-07,18.1674609251255,57.8642054770104,"Médio"
2020-09-08,15.070302018717,60.7524648020902,"Médio"
2020-09-09,17.4000714331533,55.1260394144141,"Médio"
2020-09-10,15.7377199626992,63.2717047624846,"Médio"
2020-09-11,16.122650730623,67.8165499837914,"Médio"
2020-09-12,15.4940325340857,54.9884253119322,"Médio"
2020-09-13,16.0722609655989,54.5522181778419,"Médio"
2020-09-14,13.4070588703683,56.8996079609894,"Alto"
2020-09-15,15.6298238267999,61.4682318734258,"Médio"
2020-09-16,16.9149295673307,59.575892157139,"Médio"
2020-09-17,17.0430465278345,60.8175677076243,"Médio"
2020-09-18,19.3327857350786,67.1804754705797,"Médio"
2020-09-19,15.2856233029894,56.93873551198,"Médio"
2020-09-20,16.3354657191789,63.1990579171817,"Médio"
2020-09-21,15.9895504774444,56.1560645325002,"Médio"
2020-09-22,13.1067200483859,54.8061505444623,"Alto"
2020-09-23,14.6639181020989,63.0625532313479,"Alto"
2020-09-24,20.5911172316261,45.2210401102167,"Baixo"
2020-09-25,16.9009048339988,61.4409671486772,"Médio"
2020-09-26,16.7297138698749,64.8463271481301,"Médio"
2020-09-27,16.1866701934247,62.2992124641244,"Médio"
2020-09-28,16.9712105530601,63.1345283314879,"Médio"
2020-09-29,13.6232378637883,53.4472828927407,"Alto"
2020-09-30,15.4540080359733,64.9734281451152,"Médio"
2020-10-01,17.7914650197319,66.4721421913341,"Médio"
2020-10-02,24.4064107190843,56.0748571549734,"Baixo"
2020-10-03,18.6309171061026,61.862605613338,"Médio"
2020-10-04,19.1415722436082,61.8341615488749,"Médio"
2020-10-05,20.4775619854747,64.3988792169632,"Baixo"
2020-10-06,22.891571933066,57.4925218283861,"Baixo"
2020-10-07,19.394303649428,69.1400379421116,"Médio"
2020-10-08,18.3555996104065,66.505571741399,"Médio"
2020-10-09,20.515261077704,53.7966793660717,"Baixo"
2020-10-10,21.0193279312539,72.2497828513148,"Baixo"
2020-10-11,20.2195938890651,65.1183312619206,"Baixo"
2020-10-12,24.5232836815924,62.8894897076606,"Baixo"
2020-10-13,17.5468552280866,46.0518148496032,"Médio"
2020-10-14,17.0010646037593,63.4415258437458,"Médio"
2020-10-15,16.2776706893677,68.2744175769128,"Médio"
2020-10-16,22.3745314659661,68.8640201134939,"Baixo"
2020-10-17,21.2839129455432,53.0527910047259,"Baixo"
2020-10-18,20.4073225626361,60.175177573862,"Baixo"
2020-10-19,21.624916871743,64.1213055130199,"Baixo"
2020-10-20,23.448154784006,74.5198789658218,"Baixo"
2020-10-21,22.81492785197,53.8832144051248,"Baixo"
2020-10-22,24.673287258037,57.1446183190471,"Baixo"
2020-10-23,20.3948777249614,59.0037468011466,"Baixo"
2020-10-24,19.4441760652848,68.0816913297373,"Médio"
2020-10-25,19.7486273302428,62.8982228590788,"Médio"
2020-10-26,19.6867808272969,54.7658016014641,"Médio"
2020-10-27,20.9398609874121,51.5012487515954,"Baixo"
2020-10-28,19.5997965777547,60.7252482803926,"Médio"
2020-10-29,19.5579489586299,50.6568989819238,"Médio"
2020-10-30,20.0663048029381,59.5138783679009,"Baixo"
2020-10-31,18.8809900299158,53.8825693177323,"Médio"
2020-11-01,25.6146000336131,64.6897798761294,"Baixo"
2020-11-02,22.4332321680203,53.7743603078739,"Baixo"
2020-11-03,24.2004201893002,59.2326462666617,"Baixo"
2020-11-04,27.4930796858707,58.5952275363925,"Baixo"
2020-11-05,22.1171662436226,64.5110607075346,"Baixo"
2020-11-06,23.149056163426,70.9025201298148,"Baixo"
2020-11-07,24.4338781817786,69.1997363559397,"Baixo"
2020-11-08,21.0086577107177,70.268329437333,"Baixo"
2020-11-09,22.6925409921224,72.011751667572,"Baixo"
2020-11-10,22.7316134319351,71.0442864234352,"Baixo"
2020-11-11,22.6674874460591,66.4714779693614,"Baixo"
2020-11-12,24.3053046634783,61.332828469398,"Baixo"
2020-11-13,25.3729763983261,64.7749708439977,"Baixo"
2020-11-14,26.4392742058104,66.5864093174007,"Baixo"
2020-11-15,21.2473340603526,63.1401321414725,"Baixo"
2020-11-16,24.2284272159361,64.2571206770823,"Baixo"
2020-11-17,28.2314048734451,71.2257003577713,"Baixo"
2020-11-18,25.7597565451899,75.3914843554905,"Baixo"
2020-11-19,23.8983637245712,71.3287749812201,"Baixo"
2020-11-20,25.5708236487319,65.0981661417265,"Baixo"
2020-11-21,21.7891607450582,70.4169677656955,"Baixo"
2020-11-22,24.4516883691051,67.1362999921987,"Baixo"
2020-11-23,18.2537531818154,62.7051583692213,"Médio"
2020-11-24,24.6456614493355,62.6313645173912,"Baixo"
2020-11-25,22.1728917061521,68.6764239606688,"Baixo"
2020-11-26,25.7707474319186,63.2577631444316,"Baixo"
2020-11-27,24.4663417926051,71.7576371654804,"Baixo"
2020-11-28,22.7501481151653,59.4399103638625,"Baixo"
2020-11-29,20.2757732779891,66.8510078967309,"Baixo"
2020-11-30,25.374970918286,61.2611085518669,"Baixo"
2020-12-01,24.4628849883099,70.1701498439695,"Baixo"
2020-12-02,27.5840476633719,62.3046447876477,"Baixo"
2020-12-03,28.3956031643909,77.4593374623314,"Baixo"
2020-12-04,28.053784791406,75.9040905439373,"Baixo"
2020-12-05,27.5867750220653,71.8248099958587,"Baixo"
2020-12-06,30.1845667551238,76.2860138773486,"Baixo"
2020-12-07,24.1401982010576,70.6530002504068,"Baixo"
2020-12-08,27.5950673947107,72.2986972574359,"Baixo"
2020-12-09,29.3848890616921,77.3909505117472,"Baixo"
2020-12-10,31.2723551928148,70.5883493524057,"Baixo"
2020-12-11,26.4371772602374,77.5150915183281,"Baixo"
2020-12-12,25.9394049307241,78.9545125966089,"Baixo"
2020-12-13,29.828425382474,76.9200939884108,"Baixo"
2020-12-14,27.5120638857251,70.8588305003499,"Baixo"
2020-12-15,25.3454188531037,66.2500583097586,"Baixo"
2020-12-16,29.7258160504524,66.098786056362,"Baixo"
2020-12-17,29.0967176899521,71.4840574832474,"Baixo"
2020-12-18,30.2745611256177,71.5253568630274,"Baixo"
2020-12-19,26.2083152463164,70.7573943214681,"Baixo"
2020-12-20,26.3014244854127,75.1173872775208,"Baixo"
2020-12-21,27.6618288878472,62.8462609232514,"Baixo"
2020-12-22,28.1636785987492,77.3828066122794,"Baixo"
2020-12-23,27.5076341861736,74.3921913547245,"Baixo"
2020-12-24,28.3696854667404,69.1387407733561,"Baixo"
2020-12-25,24.9331371347699,76.6862302695392,"Baixo"
2020-12-26,27.9623884045764,69.6997139540979,"Baixo"
2020-12-27,28.8025146200041,69.024391387839,"Baixo"
2020-12-28,25.5267427776042,68.2141727962144,"Baixo"
2020-12-29,25.8783731505577,63.977435308508,"Baixo"
2020-12-30,26.5405205047284,70.2886183764235,"Baixo"
2020-12-31,26.9247734366267,68.0770385687055,"Baixo"
2021-01-01,28.5000509591014,65.9699029007995,"Baixo"
2021-01-02,28.388832552912,78.186336014572,"Baixo"
2021-01-03,26.173311880505,65.6537939431921,"Baixo"
2021-01-04,28.353223502318,82.2153973920527,"Baixo"
2021-01-05,28.5319845994002,84.8641956755663,"Baixo"
2021-01-06,27.9178192727935,77.6518825508476,"Baixo"
2021-01-07,28.5820514438775,83.4704083276387,"Baixo"
2021-01-08,27.2084314833515,85.1685975428317,"Baixo"
2021-01-09,27.2873942658222,62.4967631680491,"Baixo"
2021-01-10,28.1211020393906,78.4188819820205,"Baixo"
2021-01-11,27.6998728014605,70.9014168938767,"Baixo"
2021-01-12,29.0265841058466,79.8338254305831,"Baixo"
2021-01-13,26.6881169049608,72.1518606397222,"Baixo"
2021-01-14,28.4839809043317,69.0918814165664,"Baixo"
2021-01-15,23.756178894687,84.0515541237703,"Baixo"
2021-01-16,25.6450628933615,75.1222665503508,"Baixo"
2021-01-17,27.3860184830665,86.2047842866686,"Baixo"
2021-01-18,28.1565639095278,78.1167203937181,"Baixo"
2021-01-19,28.2485765123899,80.8468619272735,"Baixo"
2021-01-20,28.2935888527898,76.1374304819592,"Baixo"
2021-01-21,26.8973973899415,84.2301034247396,"Baixo"
2021-01-22,27.9670877735496,78.7160130697984,"Baixo"
2021-01-23,30.7552951894028,75.1417777855384,"Baixo"
2021-01-24,28.6828579552538,80.2144439018472,"Baixo"
2021-01-25,26.5512445317409,71.9128543622103,"Baixo"
2021-01-26,23.7704352859048,65.370729569561,"Baixo"
2021-01-27,26.412616315048,76.8674276021146,"Baixo"
2021-01-28,28.1972675411499,67.4684558502796,"Baixo"
2021-01-29,28.4029985794839,71.3356448710674,"Baixo"
2021-01-30,28.5201910743855,78.2953428997807,"Baixo"
2021-01-31,28.1129706392211,80.7526542924491,"Baixo"
2021-02-01,27.6868387632945,83.1453051231149,"Baixo"
2021-02-02,23.4348162482331,74.2698399185812,"Baixo"
2021-02-03,29.3906219213055,77.6670518883772,"Baixo"
2021-02-04,26.3556499152678,82.1504108433439,"Baixo"
2021-02-05,21.5454943255594,79.8205303954593,"Baixo"
2021-02-06,28.5282048349361,84.965519304123,"Baixo"
2021-02-07,28.4302883289861,86.3448331681463,"Baixo"
2021-02-08,24.6620835860342,86.5035120952561,"Baixo"
2021-02-09,23.4578438394579,70.0659928035416,"Baixo"
2021-02-10,30.568511812204,86.8647053250777,"Baixo"
2021-02-11,20.9345347048114,71.0495563079174,"Baixo"
2021-02-12,25.5919549929958,76.5354142329228,"Baixo"
2021-02-13,24.3600653802283,72.8699674979632,"Baixo"
2021-02-14,25.8290459399833,90.855634675122,"Baixo"
2021-02-15,27.5031688030678,81.8215184738303,"Baixo"
2021-02-16,27.3218379646442,88.0929264171665,"Baixo"
2021-02-17,25.8156884449629,76.8238160588613,"Baixo"
2021-02-18,24.7232640957563,81.8477304954138,"Baixo"
2021-02-19,26.5380910502754,77.7774670945963,"Baixo"
2021-02-20,24.910030983542,75.3955071722201,"Baixo"
2021-02-21,23.8624672197243,79.8492886365377,"Baixo"
2021-02-22,23.6628744420923,75.5881619116628,"Baixo"
2021-02-23,26.3240645100722,78.5767997841803,"Baixo"
2021-02-24,28.3056627224377,82.6492696167152,"Baixo"
2021-02-25,25.7220141035729,73.9013147101661,"Baixo"
2021-02-26,24.4143974045757,76.6930465347087,"Baixo"
2021-02-27,28.5864881710802,84.8576116444483,"Baixo"
2021-02-28,27.4275771314444,81.5734661376009,"Baixo"
2021-03-01,24.211472112884,76.123800039258,"Baixo"
2021-03-02,28.7608938038883,74.524806816899,"Baixo"
2021-03-03,22.669327929658,84.2385102239853,"Baixo"
2021-03-04,21.0715737739226,73.323334361086,"Baixo"
2021-03-05,21.1973417197772,80.771771926184,"Baixo"
2021-03-06,26.1395944392592,95.4233799817298,"Baixo"
2021-03-07,24.0068977620807,80.6988682313456,"Baixo"
2021-03-08,26.3407911102475,78.1106245576142,"Baixo"
2021-03-09,24.8939951830042,84.1387646175696,"Baixo"
2021-03-10,22.328510097194,81.8856112653056,"Baixo"
2021-03-11,24.7758006291593,80.8219173762646,"Baixo"
2021-03-12,20.1655377407592,78.5337498914227,"Baixo"
2021-03-13,21.2404804136421,84.00759583668,"Baixo"
2021-03-14,22.753528889388,85.6390488280773,"Baixo"
2021-03-15,22.501190577266,76.0913343210811,"Baixo"
2021-03-16,24.8309103559255,79.6668590279517,"Baixo"
2021-03-17,22.3908314476161,73.3391979979455,"Baixo"
2021-03-18,26.8634810374375,73.6438917018354,"Baixo"
2021-03-19,23.253152057333,86.2709060903846,"Baixo"
2021-03-20,23.3185840385883,85.0388250755648,"Baixo"
2021-03-21,21.3630865593514,79.2330272255346,"Baixo"
2021-03-22,26.3130287589539,86.2158090673858,"Baixo"
2021-03-23,22.7947188710883,77.8381800298305,"Baixo"
2021-03-24,24.908982996553,81.0309943703013,"Baixo"
2021-03-25,24.6584939711549,78.8037127486338,"Baixo"
2021-03-26,22.7629647838378,85.3850032765773,"Baixo"
2021-03-27,21.5133489907646,72.5597912087052,"Baixo"
2021-03-28,26.5215061743436,84.7627090798597,"Baixo"
2021-03-29,24.5271514191883,73.6879052440126,"Baixo"
2021-03-30,25.5809861824719,81.8244926165408,"Baixo"
2021-03-31,19.4345466799973,66.8788509705559,"Médio"
2021-04-01,19.346502136829,73.5571395742345,"Médio"
2021-04-02,21.7956999076771,79.5123823656136,"Baixo"
2021-04-03,19.68183007842,82.1977498428478,"Médio"
2021-04-04,19.7021042723927,81.6220429690231,"Médio"
2021-04-05,19.4434365848216,75.4483645284449,"Médio"
2021-04-06,20.2232261094913,82.0653094331615,"Baixo"
2021-04-07,17.5843029299329,78.6421557077191,"Médio"
2021-04-08,20.4565120925175,85.5098448646792,"Baixo"
2021-04-09,17.0802739610487,77.4747096905084,"Médio"
2021-04-10,18.1745819810099,83.6248293718779,"Médio"
2021-04-11,20.0154170893856,77.5288888014548,"Baixo"
2021-04-12,22.0703644895624,79.4058670800755,"Baixo"
2021-04-13,25.780506852594,82.8334526328225,"Baixo"
2021-04-14,19.5130390070926,69.1568748366667,"Médio"
2021-04-15,15.9252656838307,74.6350656011898,"Médio"
2021-04-16,20.6058668536663,79.8068839732665,"Baixo"
2021-04-17,24.7023551494267,82.563711147721,"Baixo"
2021-04-18,20.7404973802292,76.1340702047295,"Baixo"
2021-04-19,19.8538208432932,82.8777793994357,"Médio"
2021-04-20,24.3482092415745,72.488379515301,"Baixo"
2021-04-21,20.4225987848137,77.2594413420434,"Baixo"
2021-04-22,18.0307222966695,73.8934888925746,"Médio"
2021-04-23,26.7334876048657,82.3659205955144,"Baixo"
2021-04-24,20.4542492114955,75.3577023788847,"Baixo"
2021-04-25,18.9572989078638,81.6035352014987,"Médio"
2021-04-26,19.4038508140951,77.0681281971811,"Médio"
2021-04-27,20.1057240109275,83.4814403936045,"Baixo"
2021-04-28,21.0816103048342,79.7032255869994,"Baixo"
2021-04-29,17.1879750695225,73.8382075610511,"Médio"
2021-04-30,17.3023106148993,80.1836573282012,"Médio"
2021-05-01,13.1539769222165,66.807791598405,"Alto"
2021-05-02,18.8218901800151,75.6507990627977,"Médio"
2021-05-03,16.1802045047712,84.0702084602614,"Médio"
2021-05-04,9.93683518391226,59.8709271825336,"Alto"
2021-05-05,14.9274853980603,85.0666793740799,"Alto"
2021-05-06,13.4301036604024,74.6736274777481,"Alto"
2021-05-07,15.7710220608795,71.1932013194326,"Médio"
2021-05-08,15.0511016229641,77.8506108620978,"Médio"
2021-05-09,11.1888294502579,74.6624101668341,"Alto"
2021-05-10,16.0297258321313,77.3595101248979,"Médio"
2021-05-11,15.2671925118134,70.5212222411765,"Médio"
2021-05-12,16.7318425824542,77.1537559006326,"Médio"
2021-05-13,16.6555925071589,78.3469214931389,"Médio"
2021-05-14,14.5934314147318,83.2636457557834,"Alto"
2021-05-15,13.8980359233585,76.7570848587156,"Alto"
2021-05-16,12.7611492396069,83.6399985637803,"Alto"
2021-05-17,12.5009085702904,72.0452253677754,"Alto"
2021-05-18,18.0200839505278,68.9931205931642,"Médio"
2021-05-19,11.9288857751889,67.9386593329569,"Alto"
2021-05-20,15.0918363297876,67.1519714848942,"Médio"
2021-05-21,15.809438300178,85.0187470442943,"Médio"
2021-05-22,16.4868977211254,74.2944347361089,"Médio"
2021-05-23,17.0863721858282,72.3378790501719,"Médio"
2021-05-24,13.8643762951985,83.3007645237619,"Alto"
2021-05-25,15.0669340169064,72.3373416650992,"Médio"
2021-05-26,15.6844583452871,73.1847642700208,"Médio"
2021-05-27,16.4114883767018,76.0636637075938,"Médio"
2021-05-28,16.182255390882,87.1444320563581,"Médio"
2021-05-29,21.6928946069613,79.6087287659214,"Baixo"
2021-05-30,16.552314129614,90.929739122712,"Médio"
2021-05-31,17.6327004474219,77.0992458779599,"Médio"
2021-06-01,14.5854219505192,72.6709347172384,"Alto"
2021-06-02,16.0389731282003,67.425962609288,"Médio"
2021-06-03,10.3468668443442,71.6871026506082,"Alto"
2021-06-04,12.5082804048514,75.699527218039,"Alto"
2021-06-05,10.993199556593,57.7365145966295,"Alto"
2021-06-06,11.0247416812961,68.9285261257526,"Alto"
2021-06-07,13.023626790519,78.0074252894269,"Alto"
2021-06-08,12.7507029783468,76.1443858474614,"Alto"
2021-06-09,13.7979391936172,70.7515006667009,"Alto"
2021-06-10,14.5127876425627,64.9635378223441,"Alto"
2021-06-11,13.9113178738129,69.282131993613,"Alto"
2021-06-12,10.7410361203174,63.3003072788614,"Alto"
2021-06-13,17.3148075306806,74.5870327757831,"Médio"
2021-06-14,12.9586949140929,66.092647640085,"Alto"
2021-06-15,13.6441156452316,63.4608297928381,"Alto"
2021-06-16,11.7875490404443,67.9472784444311,"Alto"
2021-06-17,11.4657624697519,83.3892677821014,"Alto"
2021-06-18,11.321520069402,82.1420941593838,"Alto"
2021-06-19,8.82248243214875,69.9647609572999,"Alto"
2021-06-20,13.6942655605092,75.8335746490107,"Alto"
2021-06-21,8.69061964826041,65.4923309373913,"Alto"
2021-06-22,12.2886562533173,69.1847901511808,"Alto"
2021-06-23,9.24021382827039,69.9589359273212,"Alto"
2021-06-24,11.3030488821722,72.2394892910664,"Alto"
2021-06-25,13.4459325273524,62.9766835247435,"Alto"
2021-06-26,8.7074169599814,70.1440228169157,"Alto"
2021-06-27,13.8833949544762,76.359458368218,"Alto"
2021-06-28,13.408827683724,67.6525746264145,"Alto"
2021-06-29,11.1523471771474,64.4869005954719,"Alto"
2021-06-30,11.2769891634998,67.3907779617456,"Alto"
2021-07-01,9.30478379507741,70.1721582969206,"Alto"
2021-07-02,13.7588731021379,60.6476115395208,"Alto"
2021-07-03,15.4966716794172,62.5511527331037,"Médio"
2021-07-04,9.83194578364149,50.7524382671644,"Alto"
2021-07-05,16.0486800207261,65.738292422043,"Médio"
2021-07-06,8.21045894365273,74.2923285815627,"Alto"
2021-07-07,10.2966617704827,67.4661672488171,"Alto"
2021-07-08,10.2104747559215,65.0426841839621,"Alto"
2021-07-09,10.0421556378745,64.5031032870658,"Alto"
2021-07-10,10.79612066544,67.169203065437,"Alto"
2021-07-11,11.3152713738231,63.8626428460858,"Alto"
2021-07-12,7.39174204653101,69.3018544863382,"Alto"
2021-07-13,11.2763161210054,65.5816112855828,"Alto"
2021-07-14,16.8496990982754,62.0507630707725,"Médio"
2021-07-15,11.1070283616449,72.944468212014,"Alto"
2021-07-16,13.1156373597104,63.7974654658332,"Alto"
2021-07-17,9.53545190953637,60.0314162855397,"Alto"
2021-07-18,13.4787574365052,71.4894043627199,"Alto"
2021-07-19,15.7271253984952,61.463721604791,"Médio"
2021-07-20,11.2100426190828,67.0033476685295,"Alto"
2021-07-21,9.52852514265939,66.7899610415428,"Alto"
2021-07-22,13.8853194839986,73.7102897632376,"Alto"
2021-07-23,14.9977739047838,71.3115125943696,"Alto"
2021-07-24,12.9740171304163,66.1374096042426,"Alto"
2021-07-25,12.0107871846398,59.4575311728509,"Alto"
2021-07-26,10.717848565769,57.0396882875097,"Alto"
2021-07-27,11.8012172974815,58.5171098296804,"Alto"
2021-07-28,13.7717207587814,69.0378774244702,"Alto"
2021-07-29,11.7449179484743,57.4169625067756,"Alto"
2021-07-30,11.2837202162494,71.2266913606523,"Alto"
2021-07-31,14.0075301825974,64.8689134834896,"Alto"
2021-08-01,11.0836567361536,63.6741656024598,"Alto"
2021-08-02,6.93002912470767,63.2998656478911,"Alto"
2021-08-03,16.0616960622803,63.3357711896045,"Médio"
2021-08-04,14.3722274470705,57.5400651609879,"Alto"
2021-08-05,11.7542943310773,62.6388887407276,"Alto"
2021-08-06,12.3169102985235,61.4380249668353,"Alto"
2021-08-07,12.8844947720034,58.5465542934263,"Alto"
2021-08-08,14.9089228888444,69.377855707925,"Alto"
2021-08-09,15.7485669382281,56.9146610294019,"Médio"
2021-08-10,13.882789190761,61.4196135647001,"Alto"
2021-08-11,12.1634000742634,67.0043422752889,"Alto"
2021-08-12,13.2782725463293,54.1282708060679,"Alto"
2021-08-13,14.5316327755596,72.4872551804418,"Alto"
2021-08-14,11.6082396614694,65.0923109545827,"Alto"
2021-08-15,12.5095017934471,67.2207882963881,"Alto"
2021-08-16,9.91820667439799,65.2595950095738,"Alto"
2021-08-17,10.3485628823326,64.1385232428659,"Alto"
2021-08-18,16.0852932266059,65.853284381075,"Médio"
2021-08-19,13.709206430584,50.8222984349804,"Alto"
2021-08-20,11.6226175975038,65.0430388988996,"Alto"
2021-08-21,11.1210898030401,60.557282005954,"Alto"
2021-08-22,14.4149875822462,62.8121417236793,"Alto"
2021-08-23,14.4164147483936,58.8098093327979,"Alto"
2021-08-24,10.0090804510919,65.0544316370997,"Alto"
2021-08-25,13.6090123859639,66.6943528717112,"Alto"
2021-08-26,14.6628957303253,63.6933577138207,"Alto"
2021-08-27,11.3459744666952,60.929447992644,"Alto"
2021-08-28,14.9230063361193,65.6240381974939,"Alto"
2021-08-29,12.3768803802936,52.7986749946836,"Alto"
2021-08-30,10.7335091915617,65.3866522681595,"Alto"
2021-08-31,11.5656714452712,58.4285922838998,"Alto"
2021-09-01,14.2753664484591,50.9868594600108,"Alto"
2021-09-02,17.1911547166192,54.0448895832851,"Médio"
2021-09-03,15.6031422716715,58.3580433751356,"Médio"
2021-09-04,12.2536026720802,61.9189180257823,"Alto"
2021-09-05,12.1918989056684,66.5450276519224,"Alto"
2021-09-06,16.9874947822137,50.3015304403903,"Médio"
2021-09-07,18.4285076730531,57.3621629946197,"Médio"
2021-09-08,16.9730955930734,75.422893397497,"Médio"
2021-09-09,16.8734002431321,57.7677273549863,"Médio"
2021-09-10,11.8605563600097,62.1794891895074,"Alto"
2021-09-11,17.8053170859496,62.0423637186041,"Médio"
2021-09-12,15.5379625331821,55.7737356406101,"Médio"
2021-09-13,17.5682336969998,60.1852738572594,"Médio"
2021-09-14,16.4343949354349,63.9659447303166,"Médio"
2021-09-15,16.1658895487726,70.5002300045995,"Médio"
2021-09-16,16.4748532755326,46.7739764704191,"Médio"
2021-09-17,17.0221008445299,65.494053784967,"Médio"
2021-09-18,16.0223472982417,58.5372432748459,"Médio"
2021-09-19,16.489554911836,55.2474661808852,"Médio"
2021-09-20,18.5956365787698,57.0171912521555,"Médio"
2021-09-21,17.316008262531,49.3184114661752,"Médio"
2021-09-22,15.8990821887002,67.8089970596201,"Médio"
2021-09-23,15.6623980265719,60.390510327727,"Médio"
2021-09-24,16.9935512207445,66.9227146291226,"Médio"
2021-09-25,12.8451851857932,63.5064599947479,"Alto"
2021-09-26,16.2805335656252,58.5446385319049,"Médio"
2021-09-27,17.4576327269331,64.6001078960651,"Médio"
2021-09-28,13.6579906917378,61.9509545656227,"Alto"
2021-09-29,15.6708410337256,69.0815272449887,"Médio"
2021-09-30,15.4765469461995,58.0298435098157,"Médio"
2021-10-01,19.6191263647911,66.154930894962,"Médio"
2021-10-02,21.0943050934475,52.1804284238849,"Baixo"
2021-10-03,18.9199992833456,62.3736633640159,"Médio"
2021-10-04,21.083251112494,52.5711392976538,"Baixo"
2021-10-05,20.1637716762126,61.1879852365009,"Baixo"
2021-10-06,16.4159690496887,69.4615403190251,"Médio"
2021-10-07,20.2210432509473,68.252970944281,"Baixo"
2021-10-08,20.7589506210775,55.7628605883704,"Baixo"
2021-10-09,20.529041718219,61.5087382562839,"Baixo"
2021-10-10,21.6061918592914,46.288094823766,"Baixo"
2021-10-11,21.1177196431956,66.1151481210264,"Baixo"
2021-10-12,21.7947676132656,64.7271491967484,"Baixo"
2021-10-13,17.7685329221935,58.8265766067989,"Médio"
2021-10-14,19.1927462642632,51.8183931005562,"Médio"
2021-10-15,21.2472160539283,57.116257752014,"Baixo"
2021-10-16,20.7193407897077,66.0083000817731,"Baixo"
2021-10-17,20.6323343678252,64.4123278622892,"Baixo"
2021-10-18,22.0112900762742,56.2711779873623,"Baixo"
2021-10-19,20.1435455702336,64.3901590179967,"Baixo"
2021-10-20,18.6174299222621,60.5463752123896,"Médio"
2021-10-21,22.0135617804493,54.7664585885683,"Baixo"
2021-10-22,19.8668890787337,66.8164345264357,"Médio"
2021-10-23,19.4448650118933,53.7484067307174,"Médio"
2021-10-24,20.8040637354355,58.5339663223184,"Baixo"
2021-10-25,16.9958818496478,63.2337634675364,"Médio"
2021-10-26,19.6997111850042,67.153342516003,"Médio"
2021-10-27,23.5351304835967,70.7883403321057,"Baixo"
2021-10-28,19.921715145684,55.8086101829197,"Médio"
2021-10-29,21.3842002822504,59.9958886509199,"Baixo"
2021-10-30,15.0800711075905,63.3048769807484,"Médio"
2021-10-31,19.0427018861991,52.3014999669664,"Médio"
2021-11-01,25.4898315601767,65.2739832941043,"Baixo"
2021-11-02,24.2557723883311,65.6716876132854,"Baixo"
2021-11-03,25.1077127339542,57.0728752926444,"Baixo"
2021-11-04,23.5904363059751,72.1041332703841,"Baixo"
2021-11-05,24.7056983502548,67.0858577991016,"Baixo"
2021-11-06,22.6896383686783,64.8707867928171,"Baixo"
2021-11-07,20.1831485872757,68.7092770295096,"Baixo"
2021-11-08,22.7743604312532,65.614219143408,"Baixo"
2021-11-09,24.1101672164348,66.6778074467951,"Baixo"
2021-11-10,23.1980282290404,64.6309248088937,"Baixo"
2021-11-11,23.2340581181278,63.8495536385562,"Baixo"
2021-11-12,23.174835763972,70.9438423039404,"Baixo"
2021-11-13,25.1184041715502,74.1297175002915,"Baixo"
2021-11-14,23.2220839859747,60.31158291491,"Baixo"
2021-11-15,26.5148564774441,60.2939433236605,"Baixo"
2021-11-16,21.256880717891,65.8244998654233,"Baixo"
2021-11-17,23.4732105553448,67.1441926851173,"Baixo"
2021-11-18,19.9101873280466,66.4924576199489,"Médio"
2021-11-19,24.0811892440726,58.7307774748952,"Baixo"
2021-11-20,27.4445246529906,57.0315335817801,"Baixo"
2021-11-21,23.8188268144567,69.896589857231,"Baixo"
2021-11-22,24.8420213397572,66.4313099704333,"Baixo"
2021-11-23,23.4287531517991,64.52195379122,"Baixo"
2021-11-24,24.8875755037969,66.8694213602533,"Baixo"
2021-11-25,25.7315296574249,62.725195315921,"Baixo"
2021-11-26,24.6447543470002,66.9977726242278,"Baixo"
2021-11-27,21.3601894052428,64.6021789424787,"Baixo"
2021-11-28,24.541011689514,56.3601478299405,"Baixo"
2021-11-29,26.3401900027686,56.9366396275964,"Baixo"
2021-11-30,22.2090645894577,65.2385076244382,"Baixo"
2021-12-01,23.4735625699915,69.4530170949317,"Baixo"
2021-12-02,29.4389895504925,65.1531151672871,"Baixo"
2021-12-03,28.517706505598,71.7731474504302,"Baixo"
2021-12-04,25.8328703206427,73.3351322873603,"Baixo"
2021-12-05,27.915794898763,73.3415202399876,"Baixo"
2021-12-06,29.2548681962843,74.8605479518201,"Baixo"
2021-12-07,27.2817635564153,70.1870843450313,"Baixo"
2021-12-08,23.5789345919688,66.4021302833692,"Baixo"
2021-12-09,26.8389498753129,67.6058774287925,"Baixo"
2021-12-10,30.0773904429643,71.4697168024043,"Baixo"
2021-12-11,25.5146698151123,75.7698948444899,"Baixo"
2021-12-12,23.36412212649,67.9568843933874,"Baixo"
2021-12-13,27.1115906018328,67.2704726363776,"Baixo"
2021-12-14,26.9440933256435,71.2749513896165,"Baixo"
2021-12-15,24.930510321011,70.5923237170244,"Baixo"
2021-12-16,25.1110373156926,70.9120929133583,"Baixo"
2021-12-17,27.5338373877677,64.334136428838,"Baixo"
2021-12-18,26.100469971662,63.3992570111255,"Baixo"
2021-12-19,28.6398942413996,79.8124814504789,"Baixo"
2021-12-20,28.2286357901868,63.2235056712148,"Baixo"
2021-12-21,33.0263241078304,66.661138999596,"Baixo"
2021-12-22,26.7700046294726,69.9080839838845,"Baixo"
2021-12-23,24.9451678582128,60.9591198154941,"Baixo"
2021-12-24,27.5784018521456,79.443668297327,"Baixo"
2021-12-25,28.5739445877395,66.063772329932,"Baixo"
2021-12-26,27.3442432778768,68.8265451612154,"Baixo"
2021-12-27,26.2136438936905,78.3811793867027,"Baixo"
2021-12-28,26.6095511671563,75.1839982795135,"Baixo"
2021-12-29,26.3740911475796,70.507073300664,"Baixo"
2021-12-30,28.572493718516,63.9014662350969,"Baixo"
2021-12-31,29.1918873266384,70.8991037884528,"Baixo"
2022-01-01,26.9307639969679,75.4316648283376,"Baixo"
2022-01-02,25.2936449226634,83.0677771510445,"Baixo"
2022-01-03,26.5767633037622,76.720411575352,"Baixo"
2022-01-04,28.4163430701713,82.3946962943879,"Baixo"
2022-01-05,26.9732855392409,85.4374429266712,"Baixo"
2022-01-06,26.9648031646521,84.0646607370092,"Baixo"
2022-01-07,32.4857048991638,71.244206570543,"Baixo"
2022-01-08,31.837580622311,71.8508848962903,"Baixo"
2022-01-09,29.2285670496071,81.4230900300083,"Baixo"
2022-01-10,25.6796359224393,72.7945257759572,"Baixo"
2022-01-11,26.9711780036639,68.7400714433833,"Baixo"
2022-01-12,28.0506782076244,84.513772667802,"Baixo"
2022-01-13,27.8535490606285,72.2665621353578,"Baixo"
2022-01-14,28.0312243187635,76.2151142002632,"Baixo"
2022-01-15,28.145183959116,69.3785938968927,"Baixo"
2022-01-16,29.6055352921046,74.4077440927208,"Baixo"
2022-01-17,27.1452942087019,73.5184614839621,"Baixo"
2022-01-18,32.9300236397364,75.9842831380103,"Baixo"
2022-01-19,30.0020090486056,76.7593980946462,"Baixo"
2022-01-20,26.5386824701755,67.30115214961,"Baixo"
2022-01-21,25.0844081512951,75.7854044557809,"Baixo"
2022-01-22,27.6958230451822,82.5859989927727,"Baixo"
2022-01-23,25.0326649625574,78.9575788058689,"Baixo"
2022-01-24,28.9266363437336,84.0716891282498,"Baixo"
2022-01-25,25.6036642497907,80.1553094068896,"Baixo"
2022-01-26,29.0126333175509,74.5903674946475,"Baixo"
2022-01-27,26.0935496979831,67.637936412341,"Baixo"
2022-01-28,26.7560786994273,83.0572157071204,"Baixo"
2022-01-29,32.967791958635,71.720283213875,"Baixo"
2022-01-30,27.2047965934409,81.2600158620083,"Baixo"
2022-01-31,28.567296954073,74.8202015201403,"Baixo"
2022-02-01,30.254606139365,76.3410760788966,"Baixo"
2022-02-02,23.2576278065806,85.7291149300061,"Baixo"
2022-02-03,27.1632336882705,80.6847480206565,"Baixo"
2022-02-04,28.3118102043733,72.6543394683678,"Baixo"
2022-02-05,27.9184482498497,75.1756481217374,"Baixo"
2022-02-06,27.9057480899481,83.5606801016577,"Baixo"
2022-02-07,28.7868497902541,79.8265909943539,"Baixo"
2022-02-08,28.5039755134816,85.8436663070163,"Baixo"
2022-02-09,28.277505151195,80.4162007972125,"Baixo"
2022-02-10,26.6300569887151,74.735236835751,"Baixo"
2022-02-11,28.037352538385,79.8495634430312,"Baixo"
2022-02-12,23.3639858368728,80.1813964685177,"Baixo"
2022-02-13,20.4133982115569,76.4110550985293,"Baixo"
2022-02-14,25.4431572175655,77.1061398475175,"Baixo"
2022-02-15,29.0727419428373,79.7781351743806,"Baixo"
2022-02-16,29.3294237394756,82.6125486141305,"Baixo"
2022-02-17,27.8634700843954,79.0810828153991,"Baixo"
2022-02-18,26.8630245533844,80.7642245550629,"Baixo"
2022-02-19,29.9631922137979,74.5599559279015,"Baixo"
2022-02-20,27.9340493779187,79.765211403379,"Baixo"
2022-02-21,24.5748550924058,87.6137900165466,"Baixo"
2022-02-22,28.5540642348046,77.7723314484164,"Baixo"
2022-02-23,25.1387915967163,81.7494066961704,"Baixo"
2022-02-24,24.7027344163081,81.8559660187933,"Baixo"
2022-02-25,27.4863553001813,77.9598620497044,"Baixo"
2022-02-26,28.603975506717,71.6758397379132,"Baixo"
2022-02-27,26.3323518410253,72.0359379697446,"Baixo"
2022-02-28,26.2568976312997,82.4426423657573,"Baixo"
2022-03-01,23.259213004998,64.7632171382716,"Baixo"
2022-03-02,21.4193038718801,76.0351104097201,"Baixo"
2022-03-03,24.7181675114575,79.022433946188,"Baixo"
2022-03-04,23.2305108652116,79.360255439051,"Baixo"
2022-03-05,24.1138433431988,76.9590882816045,"Baixo"
2022-03-06,25.4456963768099,77.2679570972762,"Baixo"
2022-03-07,20.9525765265229,81.3745627911937,"Baixo"
2022-03-08,22.2816577151364,87.4595794837932,"Baixo"
2022-03-09,23.7754490025582,85.3340316780453,"Baixo"
2022-03-10,21.8750956529766,76.6934298427176,"Baixo"
2022-03-11,21.928792126258,84.8375217983864,"Baixo"
2022-03-12,26.3914723062337,75.6199535890489,"Baixo"
2022-03-13,24.7163890561359,81.7541931640576,"Baixo"
2022-03-14,24.4008450572232,75.1395591681334,"Baixo"
2022-03-15,21.6033056973325,82.5312746810235,"Baixo"
2022-03-16,26.5878136030815,79.1261416083886,"Baixo"
2022-03-17,23.7900427060827,77.1984746113929,"Baixo"
2022-03-18,26.2815257984011,80.2698556575336,"Baixo"
2022-03-19,25.7217924015313,89.2561115781882,"Baixo"
2022-03-20,22.3812556721947,82.5991346715838,"Baixo"
2022-03-21,24.7683488800359,80.978958097047,"Baixo"
2022-03-22,24.9138019649942,78.8614097299855,"Baixo"
2022-03-23,21.3928574602582,74.1101153428425,"Baixo"
2022-03-24,25.3753407041565,80.923522134471,"Baixo"
2022-03-25,21.7824197636041,81.7588054808399,"Baixo"
2022-03-26,23.431546425048,79.0193962524098,"Baixo"
2022-03-27,22.4355713513412,74.1874678280884,"Baixo"
2022-03-28,24.420907656528,81.6525112953342,"Baixo"
2022-03-29,25.0910141866156,78.6215927405882,"Baixo"
2022-03-30,25.8065192126745,74.9018309108418,"Baixo"
2022-03-31,23.4179217383727,75.989103853909,"Baixo"
2022-04-01,19.549916783278,78.8429841004489,"Médio"
2022-04-02,20.5773138905698,79.3897152669386,"Baixo"
2022-04-03,19.8814470835779,76.9310557181165,"Médio"
2022-04-04,21.1228044526066,75.2436617761294,"Baixo"
2022-04-05,19.4479318778585,83.1509398073077,"Médio"
2022-04-06,18.3785959388446,88.6703768092324,"Médio"
2022-04-07,18.0353920813892,83.7246900407466,"Médio"
2022-04-08,22.2264759916904,72.4513141941266,"Baixo"
2022-04-09,21.0706342113851,79.0517596490555,"Baixo"
2022-04-10,20.0742145742901,75.7451614359162,"Baixo"
2022-04-11,18.9965017176534,78.1149153970975,"Médio"
2022-04-12,20.0366766744297,87.0329159117998,"Baixo"
2022-04-13,19.474153787817,77.9278174736584,"Médio"
2022-04-14,18.442101459281,78.6397094047418,"Médio"
2022-04-15,21.4657971361727,75.6017874339431,"Baixo"
2022-04-16,20.5470924457419,85.4659584529998,"Baixo"
2022-04-17,21.7215562735526,79.5534297632087,"Baixo"
2022-04-18,22.9983015483875,79.9805771858139,"Baixo"
2022-04-19,19.0618974253995,73.5236946528635,"Médio"
2022-04-20,20.6481155328344,71.689217485004,"Baixo"
2022-04-21,18.0091180088231,79.1019103976786,"Médio"
2022-04-22,19.1326953436383,77.717120271445,"Médio"
2022-04-23,21.0071761280102,83.2848593949346,"Baixo"
2022-04-24,20.4268347058702,74.1465287925884,"Baixo"
2022-04-25,20.8045813508824,70.7769912461207,"Baixo"
2022-04-26,22.7417432674059,76.3282993248866,"Baixo"
2022-04-27,23.8604119423266,77.6661137920603,"Baixo"
2022-04-28,21.7743009316139,83.707840923868,"Baixo"
2022-04-29,20.8308943340854,77.6167974054684,"Baixo"
2022-04-30,21.834155692618,86.7557861722272,"Baixo"
2022-05-01,15.8492616693881,76.0416037326649,"Médio"
2022-05-02,16.3084469979155,78.6953689545763,"Médio"
2022-05-03,15.7045712735943,72.1127403393485,"Médio"
2022-05-04,14.8529721237309,73.2093718560963,"Alto"
2022-05-05,16.0935366690928,74.8781797528702,"Médio"
2022-05-06,19.6561310492313,80.6804748352729,"Médio"
2022-05-07,18.4584834052697,84.5133638860176,"Médio"
2022-05-08,16.1334815275621,73.2033107103013,"Médio"
2022-05-09,14.8710084341584,71.5845639589928,"Alto"
2022-05-10,14.2994772659344,76.115150859837,"Alto"
2022-05-11,17.0018044331608,80.791881360001,"Médio"
2022-05-12,13.859043375231,71.7498399088963,"Alto"
2022-05-13,16.9835488134522,71.6281630649905,"Médio"
2022-05-14,17.4720713709563,75.2894222136519,"Médio"
2022-05-15,17.6563996547968,71.1290762356957,"Médio"
2022-05-16,16.3894103498853,78.2463702231998,"Médio"
2022-05-17,18.9231714058828,76.7502874193927,"Médio"
2022-05-18,13.5482219188846,81.4655229786186,"Alto"
2022-05-19,16.8679274522703,73.3094135590552,"Médio"
2022-05-20,15.2996684763203,84.1700859580006,"Médio"
2022-05-21,18.4930743133481,65.9382951658411,"Médio"
2022-05-22,13.9419599033472,82.8142212811189,"Alto"
2022-05-23,16.5132411915201,67.6527352761756,"Médio"
2022-05-24,14.070654440445,72.5687007024368,"Alto"
2022-05-25,15.5166927144659,79.2043990791219,"Médio"
2022-05-26,17.4818894032102,72.2994474066109,"Médio"
2022-05-27,17.4635729450778,70.7277547849477,"Médio"
2022-05-28,16.7419961688825,70.3532115646875,"Médio"
2022-05-29,18.745281614785,77.5605389262826,"Médio"
2022-05-30,18.1214767691843,75.266974406247,"Médio"
2022-05-31,16.2079777929956,72.194871892201,"Médio"
2022-06-01,13.0167798771187,77.6414617899661,"Alto"
2022-06-02,11.9699542751002,65.2421448238446,"Alto"
2022-06-03,14.6511421443681,65.0670138003739,"Alto"
2022-06-04,15.7982850618401,73.1521247495323,"Médio"
2022-06-05,13.680003844833,69.0501375094281,"Alto"
2022-06-06,12.7208857930176,71.8821068541024,"Alto"
2022-06-07,12.6191389287279,75.6866783962966,"Alto"
2022-06-08,12.0539072218183,60.0362596913431,"Alto"
2022-06-09,14.9040730482337,82.0713653263808,"Alto"
2022-06-10,12.0906282871108,71.1822312503105,"Alto"
2022-06-11,9.32593752469142,62.9505603020524,"Alto"
2022-06-12,13.366856108465,64.9248686403371,"Alto"
2022-06-13,12.441627132436,69.1281758160877,"Alto"
2022-06-14,11.7444254348946,71.7496026185933,"Alto"
2022-06-15,12.2111569635317,73.4104777710304,"Alto"
2022-06-16,11.3807303429181,68.9649587320905,"Alto"
2022-06-17,12.2172688586188,68.0933725625774,"Alto"
2022-06-18,12.9447743116691,66.5181687350079,"Alto"
2022-06-19,15.2221668110834,58.5107053759656,"Médio"
2022-06-20,13.3435873413468,71.1955768591156,"Alto"
2022-06-21,13.7695508905714,70.8406856626005,"Alto"
2022-06-22,13.4887303890275,65.7783603365174,"Alto"
2022-06-23,11.819787759013,61.6754340437476,"Alto"
2022-06-24,11.3757677855775,66.3181050076541,"Alto"
2022-06-25,13.9899577037551,69.7882843042656,"Alto"
2022-06-26,14.2193322838433,74.4058469512632,"Alto"
2022-06-27,9.82582367766223,63.3448397368621,"Alto"
2022-06-28,13.1783148207927,63.1369057934001,"Alto"
2022-06-29,11.3999700410658,69.1160778954955,"Alto"
2022-06-30,15.9138847910323,72.9252570862886,"Médio"
2022-07-01,12.7884197413115,59.5120071779253,"Alto"
2022-07-02,10.945601525931,61.9094096361486,"Alto"
2022-07-03,8.74810026683487,59.7003719634335,"Alto"
2022-07-04,15.9372686608083,57.5191532453199,"Médio"
2022-07-05,11.8095758162263,67.8591023650516,"Alto"
2022-07-06,11.6759082950874,66.5561020842282,"Alto"
2022-07-07,16.1650891430616,63.4100427371131,"Médio"
2022-07-08,11.8785921145008,68.9043569632904,"Alto"
2022-07-09,8.83837992383399,69.1145445129312,"Alto"
2022-07-10,13.1985739088344,73.7788017379165,"Alto"
2022-07-11,12.2172376093696,62.3838109543874,"Alto"
2022-07-12,13.1404416751809,54.792857827963,"Alto"
2022-07-13,12.9783793262886,68.4737612452751,"Alto"
2022-07-14,14.1645431583382,63.4129242634194,"Alto"
2022-07-15,13.7646533187577,62.7469245046139,"Alto"
2022-07-16,15.149838237696,69.977981382876,"Médio"
2022-07-17,10.0220010773559,61.781957862011,"Alto"
2022-07-18,14.7576377445524,66.849930635609,"Alto"
2022-07-19,10.7428063061789,65.250787211961,"Alto"
2022-07-20,14.6214797567851,71.7216129413006,"Alto"
2022-07-21,12.8879085466178,67.8011867094301,"Alto"
2022-07-22,11.24587629348,55.7772181164244,"Alto"
2022-07-23,12.5970623486091,65.3460816084014,"Alto"
2022-07-24,11.4727143293065,63.7198053331179,"Alto"
2022-07-25,12.86097290419,71.6509586337959,"Alto"
2022-07-26,13.0597981879528,52.8199691640977,"Alto"
2022-07-27,17.7066324627454,68.5371428733007,"Médio"
2022-07-28,14.0476393779033,66.329861621435,"Alto"
2022-07-29,10.0309462866766,59.5392025857247,"Alto"
2022-07-30,13.8604581279169,56.3234815689827,"Alto"
2022-07-31,9.88615169015057,64.1757615110147,"Alto"
2022-08-01,10.799823015033,67.6470179169,"Alto"
2022-08-02,14.0336339028017,57.4041516927271,"Alto"
2022-08-03,13.8010319937118,60.5859298187411,"Alto"
2022-08-04,14.0323974238413,61.8350867281778,"Alto"
2022-08-05,15.1602257755395,59.1168315362096,"Médio"
2022-08-06,15.3759131484496,61.0309918987036,"Médio"
2022-08-07,11.1088056729235,62.4711202536015,"Alto"
2022-08-08,16.2498665854503,61.3082006881202,"Médio"
2022-08-09,14.4882585077086,58.5572896922611,"Alto"
2022-08-10,15.7728990382934,60.976148412985,"Médio"
2022-08-11,11.7211844440231,72.507616206428,"Alto"
2022-08-12,13.4651983423098,59.9949629199631,"Alto"
2022-08-13,15.0946170563942,62.9558196650496,"Médio"
2022-08-14,14.0442163612214,61.867477220778,"Alto"
2022-08-15,13.5619044956653,62.2748642620546,"Alto"
2022-08-16,11.8783856009601,58.9822786486417,"Alto"
2022-08-17,15.2981925486885,56.6087060831926,"Médio"
2022-08-18,12.6459831945449,56.3778933730454,"Alto"
2022-08-19,13.5172591373477,59.112896502079,"Alto"
2022-08-20,10.9128546365414,61.2835729082282,"Alto"
2022-08-21,14.9617500382529,56.6058753522497,"Alto"
2022-08-22,10.2156877184602,54.25942972905,"Alto"
2022-08-23,16.6404711525236,56.4789839627868,"Médio"
2022-08-24,15.2615618674839,57.0808413696137,"Médio"
2022-08-25,10.2007807135974,63.8172812606807,"Alto"
2022-08-26,9.7789528610502,60.6266532915191,"Alto"
2022-08-27,16.0591089954803,62.8842729538898,"Médio"
2022-08-28,13.9319831430379,55.048792679056,"Alto"
2022-08-29,14.5980261084979,58.1899262210262,"Alto"
2022-08-30,12.5313071776928,53.3635970001197,"Alto"
2022-08-31,15.7759734497575,54.8512753228193,"Médio"
2022-09-01,17.8016306490821,58.0540227383931,"Médio"
2022-09-02,17.360700766113,57.1017144040096,"Médio"
2022-09-03,14.7656026127392,59.9334326950434,"Alto"
2022-09-04,19.2204498983056,55.6015469341743,"Médio"
2022-09-05,16.7876703752574,59.4551169622334,"Médio"
2022-09-06,20.8958401288065,53.7047634171877,"Baixo"
2022-09-07,15.6274411554575,60.3552039802174,"Médio"
2022-09-08,18.1641366815475,62.7614875141504,"Médio"
2022-09-09,16.8467981400901,47.8371049476244,"Médio"
2022-09-10,16.5373291177812,56.2341513017834,"Médio"
2022-09-11,15.4737837177226,60.3278533292002,"Médio"
2022-09-12,15.3362121030361,58.9810456611608,"Médio"
2022-09-13,13.6050792735739,56.86369547221,"Alto"
2022-09-14,17.9473823008757,55.7807672454807,"Médio"
2022-09-15,17.5328438414679,62.4577665532903,"Médio"
2022-09-16,17.6368523740131,51.4050854636637,"Médio"
2022-09-17,14.8601513784721,59.5280752331639,"Alto"
2022-09-18,17.3761311120514,62.6181298082913,"Médio"
2022-09-19,14.7422065072769,60.573814557348,"Alto"
2022-09-20,15.1410135740921,66.3308777477079,"Médio"
2022-09-21,12.652157273576,61.895902157485,"Alto"
2022-09-22,13.886920038064,58.4522476170969,"Alto"
2022-09-23,13.6243869874944,54.3729277396931,"Alto"
2022-09-24,15.6024537329072,54.8620639098805,"Médio"
2022-09-25,13.6385492299576,56.9874055536174,"Alto"
2022-09-26,17.3902242387453,54.2159257701044,"Médio"
2022-09-27,17.760612396913,55.2054409243884,"Médio"
2022-09-28,11.9356626709801,55.0491303585174,"Alto"
2022-09-29,15.503264719963,60.3320807460142,"Médio"
2022-09-30,17.7131682690742,62.8797901789667,"Médio"
2022-10-01,16.7483800633116,55.7472851984282,"Médio"
2022-10-02,20.0315872792932,59.891457619927,"Baixo"
2022-10-03,19.6357990099187,59.8488252669356,"Médio"
2022-10-04,20.4678237572742,65.2561791168691,"Baixo"
2022-10-05,20.5799503136297,57.2738841188349,"Baixo"
2022-10-06,18.8628980307015,63.4409325405804,"Médio"
2022-10-07,19.6468314192801,72.9052662586001,"Médio"
2022-10-08,17.4624358262601,54.316716917385,"Médio"
2022-10-09,21.2318438672662,69.2644065960388,"Baixo"
2022-10-10,23.143459637723,63.3039784866665,"Baixo"
2022-10-11,20.3584280697242,62.8667197146654,"Baixo"
2022-10-12,19.8948408515262,61.8417374252548,"Médio"
2022-10-13,20.9322928703109,59.3287122653826,"Baixo"
2022-10-14,18.2828217364678,65.6446546281553,"Médio"
2022-10-15,19.4398064716544,64.0127337938656,"Médio"
2022-10-16,24.0086914528911,59.6287397232144,"Baixo"
2022-10-17,20.1109594990931,58.0659485155685,"Baixo"
2022-10-18,20.2108487761194,59.2124107993946,"Baixo"
2022-10-19,20.5522675554688,55.5987042620495,"Baixo"
2022-10-20,18.8952956656661,61.4888547799596,"Médio"
2022-10-21,21.1964849751865,66.1024480091317,"Baixo"
2022-10-22,19.592908089906,56.892429809289,"Médio"
2022-10-23,18.5457138871586,56.459750755798,"Médio"
2022-10-24,16.5295273460829,63.3397456828989,"Médio"
2022-10-25,23.432413047786,58.868173836402,"Baixo"
2022-10-26,15.5371370317639,59.3936513435193,"Médio"
2022-10-27,21.4734700370095,62.1653530668639,"Baixo"
2022-10-28,19.1809994566567,61.4842723910518,"Médio"
2022-10-29,19.4437215780738,66.2934353580238,"Médio"
2022-10-30,20.9788107442814,56.0189016971477,"Baixo"
2022-10-31,19.2476212099113,63.6741157166078,"Médio"
2022-11-01,26.3096869666183,65.3649362015209,"Baixo"
2022-11-02,25.5309705295689,58.6845161301758,"Baixo"
2022-11-03,27.3013547158418,63.9006095188405,"Baixo"
2022-11-04,20.2604232001251,64.2557726547994,"Baixo"
2022-11-05,25.2884238325111,75.3099659712877,"Baixo"
2022-11-06,21.9856346930001,73.0344656381229,"Baixo"
2022-11-07,23.8728951039601,68.3502305313356,"Baixo"
2022-11-08,25.362806215344,63.6478254231026,"Baixo"
2022-11-09,25.862101009574,65.1800605261577,"Baixo"
2022-11-10,23.0653033352263,69.9257139132138,"Baixo"
2022-11-11,24.4640289552952,60.5285773806042,"Baixo"
2022-11-12,25.0882102109399,72.6514034226891,"Baixo"
2022-11-13,26.8770149893818,72.0479538359341,"Baixo"
2022-11-14,19.5080654775573,71.3524150724388,"Médio"
2022-11-15,22.519065077378,69.6728009433088,"Baixo"
2022-11-16,26.2806869372648,64.3455772839424,"Baixo"
2022-11-17,25.7143242753446,58.571919386725,"Baixo"
2022-11-18,24.5746269055139,57.204476377901,"Baixo"
2022-11-19,23.0354849051098,72.8493985896016,"Baixo"
2022-11-20,19.7485940605573,66.5630517745463,"Médio"
2022-11-21,25.3596878084964,57.8073601838531,"Baixo"
2022-11-22,24.8855981240515,64.2864619748328,"Baixo"
2022-11-23,25.091855967491,63.6733948512744,"Baixo"
2022-11-24,23.3480996671426,70.9127169530942,"Baixo"
2022-11-25,26.9471975540717,66.8817918295515,"Baixo"
2022-11-26,26.5113230483648,65.003196743417,"Baixo"
2022-11-27,22.5405455466121,67.3993721433707,"Baixo"
2022-11-28,22.642628509643,61.65981498194,"Baixo"
2022-11-29,23.9317494702767,65.8859215237874,"Baixo"
2022-11-30,26.9906015992144,66.7645713379107,"Baixo"
2022-12-01,27.9299961821229,70.6836217964203,"Baixo"
2022-12-02,29.4040921096039,67.4768035245107,"Baixo"
2022-12-03,28.2848441751469,67.5638934078227,"Baixo"
2022-12-04,24.1302595486319,72.7382509545128,"Baixo"
2022-12-05,25.8112868432231,72.2811417338086,"Baixo"
2022-12-06,24.1890532602028,75.7351588667506,"Baixo"
2022-12-07,27.7244395465758,71.3895918232486,"Baixo"
2022-12-08,25.8692777017905,73.7651905617024,"Baixo"
2022-12-09,28.150787973097,64.2188500143339,"Baixo"
2022-12-10,27.1740596611462,59.5281429637297,"Baixo"
2022-12-11,23.7878393296312,72.7132401910368,"Baixo"
2022-12-12,27.362463803511,61.9177742850081,"Baixo"
2022-12-13,21.6446038962092,71.6633259818217,"Baixo"
2022-12-14,24.015476971739,79.2407448427743,"Baixo"
2022-12-15,30.7679445348638,67.8601697942789,"Baixo"
2022-12-16,28.3663625117549,68.9111255882213,"Baixo"
2022-12-17,25.1025523493336,68.4724271154081,"Baixo"
2022-12-18,26.0797708315676,69.3372462253847,"Baixo"
2022-12-19,28.7176973731931,70.6996282551774,"Baixo"
2022-12-20,23.2024496730651,60.6296292840899,"Baixo"
2022-12-21,26.7419484573549,73.4620217956052,"Baixo"
2022-12-22,29.07023115696,70.4076733225191,"Baixo"
2022-12-23,29.3569219386697,66.6907403491379,"Baixo"
2022-12-24,27.160480654503,67.2658573213467,"Baixo"
2022-12-25,28.5546197269367,65.2600478694957,"Baixo"
2022-12-26,25.7858666324276,68.7383855441328,"Baixo"
2022-12-27,29.1966642744857,69.1298687114726,"Baixo"
2022-12-28,28.4811257366405,67.5505843918399,"Baixo"
2022-12-29,29.8524445578529,76.0092566432024,"Baixo"
2022-12-30,25.4112994355133,71.684169937268,"Baixo"
2022-12-31,25.6751131953591,75.5057897743736,"Baixo"
2023-01-01,30.2001305191541,70.7612693856489,"Baixo"
2023-01-02,27.2044638316869,65.6993912479987,"Baixo"
2023-01-03,27.1655149656503,77.2098235839543,"Baixo"
2023-01-04,26.8262017054084,75.1643129294191,"Baixo"
2023-01-05,29.2070723065669,75.4379285494044,"Baixo"
2023-01-06,30.8431097592143,70.5132627783301,"Baixo"
2023-01-07,28.2520670789729,80.722614600361,"Baixo"
2023-01-08,28.5193742369191,76.6338602739163,"Baixo"
2023-01-09,25.8680381733373,86.284036891771,"Baixo"
2023-01-10,28.1451723609078,73.4552664718738,"Baixo"
2023-01-11,30.3021649439973,78.1562933291639,"Baixo"
2023-01-12,29.7764756866822,80.3735062197863,"Baixo"
2023-01-13,26.8398122276667,73.7325759935092,"Baixo"
2023-01-14,25.9109123737309,77.9747321026429,"Baixo"
2023-01-15,28.2807630521601,79.0236103737248,"Baixo"
2023-01-16,28.0715652406785,76.7076498647198,"Baixo"
2023-01-17,27.3650814491102,73.4985269228851,"Baixo"
2023-01-18,28.0367303545922,76.2707220861104,"Baixo"
2023-01-19,24.7535295622953,74.6005543429838,"Baixo"
2023-01-20,31.2160334933384,78.6009265959558,"Baixo"
2023-01-21,26.260510958299,78.4083556633799,"Baixo"
2023-01-22,28.9723455408368,78.5330209305837,"Baixo"
2023-01-23,27.7354291249971,78.3575652336541,"Baixo"
2023-01-24,27.0825014828314,80.0284214546964,"Baixo"
2023-01-25,26.6355875887616,79.7560366377548,"Baixo"
2023-01-26,30.3946650866872,75.925094156255,"Baixo"
2023-01-27,27.2990956092961,73.6364908740335,"Baixo"
2023-01-28,24.0149962371701,74.833262942648,"Baixo"
2023-01-29,28.3480849151713,71.3585866052805,"Baixo"
2023-01-30,27.6654002927917,80.5397352922987,"Baixo"
2023-01-31,28.5303106334554,77.8544448419022,"Baixo"
2023-02-01,22.960683879042,79.1559951330956,"Baixo"
2023-02-02,27.9474060913974,74.1223618186111,"Baixo"
2023-02-03,25.2063018833359,84.1532930714539,"Baixo"
2023-02-04,28.6763195386615,74.4866595765298,"Baixo"
2023-02-05,27.3192576680852,80.4380709608336,"Baixo"
2023-02-06,27.1873100988502,86.6117600620486,"Baixo"
2023-02-07,26.8648571325364,74.8556836107787,"Baixo"
2023-02-08,27.8673325296395,76.4029013373599,"Baixo"
2023-02-09,26.0774361220572,81.7350771955558,"Baixo"
2023-02-10,26.8120690092959,82.269066294495,"Baixo"
2023-02-11,31.8042362354719,76.7549365948523,"Baixo"
2023-02-12,25.1204730273765,84.1431689853767,"Baixo"
2023-02-13,23.761167705147,71.2798584902139,"Baixo"
2023-02-14,26.674526111477,84.8849929211,"Baixo"
2023-02-15,30.0470058405762,85.179196506844,"Baixo"
2023-02-16,26.8511159240837,81.0971449594154,"Baixo"
2023-02-17,26.7393839152125,75.5131010672233,"Baixo"
2023-02-18,28.2209093798931,80.8933624086102,"Baixo"
2023-02-19,25.0704717822255,74.9623672511205,"Baixo"
2023-02-20,27.7694540582966,71.0667760399563,"Baixo"
2023-02-21,27.0933749685359,77.9353319060563,"Baixo"
2023-02-22,25.5330886159446,80.6223008875614,"Baixo"
2023-02-23,25.6736917018178,80.9322294155768,"Baixo"
2023-02-24,31.4783358738571,80.4134236590602,"Baixo"
2023-02-25,29.9612920165604,64.4109773083989,"Baixo"
2023-02-26,23.9825071455467,77.885751360201,"Baixo"
2023-02-27,24.6579154851096,80.7026947551934,"Baixo"
2023-02-28,26.5799724302978,72.1450626337238,"Baixo"
2023-03-01,26.303503870002,82.4016508128036,"Baixo"
2023-03-02,18.1085095094262,76.998104126375,"Médio"
2023-03-03,23.4565898575441,81.7170400562495,"Baixo"
2023-03-04,20.084693479053,82.3020430774718,"Baixo"
2023-03-05,22.2190067872121,79.8156431011579,"Baixo"
2023-03-06,25.7242284473856,73.1477197225305,"Baixo"
2023-03-07,23.8850817036049,80.0739891340989,"Baixo"
2023-03-08,25.8911376882462,87.9825385920944,"Baixo"
2023-03-09,23.7601231131723,79.5897030006392,"Baixo"
2023-03-10,23.9192172945754,70.8512783545328,"Baixo"
2023-03-11,23.757590321199,83.647392228392,"Baixo"
2023-03-12,20.3721296087731,81.5187447749177,"Baixo"
2023-03-13,24.3920194551479,83.0916197522326,"Baixo"
2023-03-14,24.9510988725568,81.4652230310433,"Baixo"
2023-03-15,25.5959676526906,78.5694492122172,"Baixo"
2023-03-16,23.1510201474155,74.6104703264915,"Baixo"
2023-03-17,22.0303142243496,90.680775053501,"Baixo"
2023-03-18,24.8909676458201,78.5629534989162,"Baixo"
2023-03-19,22.753622988559,82.0902896323909,"Baixo"
2023-03-20,24.7458725229111,79.4141101126418,"Baixo"
2023-03-21,24.8257912078547,74.2022792896219,"Baixo"
2023-03-22,26.6453064049971,84.3656471435395,"Baixo"
2023-03-23,22.2863884511445,79.6663792888972,"Baixo"
2023-03-24,26.0270324647256,83.0861971919807,"Baixo"
2023-03-25,24.5162991086936,80.6597213979996,"Baixo"
2023-03-26,26.8863014323991,77.4062151901894,"Baixo"
2023-03-27,22.1749615025532,93.4040529537801,"Baixo"
2023-03-28,21.7656676608598,78.4821745025725,"Baixo"
2023-03-29,26.1287199093425,81.3153785793095,"Baixo"
2023-03-30,24.9236597865409,81.7896164594215,"Baixo"
2023-03-31,22.6585571050873,77.4214254964169,"Baixo"
2023-04-01,19.3774101753487,81.8103761442292,"Médio"
2023-04-02,21.4517087606032,82.8954387281852,"Baixo"
2023-04-03,17.9542507605506,76.8844491551742,"Médio"
2023-04-04,17.6352027638304,90.7609067335342,"Médio"
2023-04-05,18.7419746516541,81.1809652587688,"Médio"
2023-04-06,21.5219178907835,81.6421618557079,"Baixo"
2023-04-07,19.2344916734436,79.9665129541839,"Médio"
2023-04-08,19.1230422060731,72.730942959379,"Médio"
2023-04-09,20.7585965820933,81.5434218771859,"Baixo"
2023-04-10,15.969644349404,77.694303822455,"Médio"
2023-04-11,16.0936246641092,76.6416649305393,"Médio"
2023-04-12,21.0871222645261,82.0916276435967,"Baixo"
2023-04-13,21.4623741909042,72.5451579415196,"Baixo"
2023-04-14,21.1169562217379,77.7990975358426,"Baixo"
2023-04-15,20.4130983956695,70.7817418967181,"Baixo"
2023-04-16,19.7736782935183,84.7192898691885,"Médio"
2023-04-17,23.5546213434089,79.7647167641976,"Baixo"
2023-04-18,21.6285997197074,70.884397237401,"Baixo"
2023-04-19,19.0959008981744,82.0475790260474,"Médio"
2023-04-20,18.7169771490628,82.9083839945519,"Médio"
2023-04-21,22.0413598938331,82.7551672876506,"Baixo"
2023-04-22,20.1124375677625,79.98124324843,"Baixo"
2023-04-23,16.5230391063235,83.2298291874571,"Médio"
2023-04-24,18.4582948711969,84.0385182987122,"Médio"
2023-04-25,19.751194696019,75.4843152653394,"Médio"
2023-04-26,22.749548188395,83.0894795284065,"Baixo"
2023-04-27,22.2903422931326,68.6805612997542,"Baixo"
2023-04-28,19.6226449946016,81.3602601280251,"Médio"
2023-04-29,20.6591016228905,78.6102441100779,"Baixo"
2023-04-30,21.5952548800887,82.5243572848507,"Baixo"
2023-05-01,20.6997389027991,71.1235649042299,"Baixo"
2023-05-02,14.9529976914047,69.9447739353974,"Alto"
2023-05-03,16.699919806627,74.2109818705773,"Médio"
2023-05-04,18.4894345845583,86.6574963936485,"Médio"
2023-05-05,18.2710142038975,78.0354809138864,"Médio"
2023-05-06,17.3267604346183,73.9501757273292,"Médio"
2023-05-07,16.0082501910655,71.8191492959418,"Médio"
2023-05-08,16.3262131430344,77.301764930487,"Médio"
2023-05-09,15.0081570337959,76.3110372096662,"Médio"
2023-05-10,15.2439960338058,73.9216589880985,"Médio"
2023-05-11,12.9658066183665,71.2206164461308,"Alto"
2023-05-12,16.1356156162354,73.3434865814755,"Médio"
2023-05-13,13.8599803437043,78.1902037636743,"Alto"
2023-05-14,21.3995234749756,68.3705954915842,"Baixo"
2023-05-15,14.5718405104518,65.0430046298085,"Alto"
2023-05-16,19.1368040938777,66.5824884054104,"Médio"
2023-05-17,17.4788045640716,71.7712746246696,"Médio"
2023-05-18,17.3303759250148,82.1122437265382,"Médio"
2023-05-19,17.5695926103322,72.3077451894844,"Médio"
2023-05-20,14.1434419263786,74.897913814495,"Alto"
2023-05-21,17.0320294254064,79.9167431917118,"Médio"
2023-05-22,14.4821558752058,68.0484585597935,"Alto"
2023-05-23,16.6848181421523,74.7085302641257,"Médio"
2023-05-24,19.2578987521061,76.1478588687122,"Médio"
2023-05-25,16.4459762349785,66.5968602658105,"Médio"
2023-05-26,16.199731453011,74.9524102044835,"Médio"
2023-05-27,14.5904302443755,69.6084266875906,"Alto"
2023-05-28,12.522477820787,66.303974146658,"Alto"
2023-05-29,13.4875334057171,70.9745871804224,"Alto"
2023-05-30,17.4179062730188,76.4022644929125,"Médio"
2023-05-31,18.1814397435906,72.820083413549,"Médio"
2023-06-01,12.9433316805586,72.6427376448664,"Alto"
2023-06-02,12.0992993920724,68.5389270719842,"Alto"
2023-06-03,14.6902126517942,68.0263407828335,"Alto"
2023-06-04,14.7421975396753,74.2256896096211,"Alto"
2023-06-05,15.0322607163455,60.8915247200609,"Médio"
2023-06-06,11.6587354620141,74.2209133803998,"Alto"
2023-06-07,12.3400284156215,74.1219077986557,"Alto"
2023-06-08,12.4171731388037,68.4924716264157,"Alto"
2023-06-09,14.7952069707262,74.3554050525874,"Alto"
2023-06-10,16.1413524165595,69.4049914705233,"Médio"
2023-06-11,10.2792868848685,67.8055697794284,"Alto"
2023-06-12,12.5103015918838,65.4376370189871,"Alto"
2023-06-13,14.2180856025239,76.6860333796143,"Alto"
2023-06-14,11.464410498865,66.9405294946346,"Alto"
2023-06-15,14.8364808700586,70.9230784251942,"Alto"
2023-06-16,14.179261413248,67.4247153106747,"Alto"
2023-06-17,12.5969424361246,73.1343008115453,"Alto"
2023-06-18,15.6993233836517,65.2521589706152,"Médio"
2023-06-19,16.1480413563932,69.9834465237939,"Médio"
2023-06-20,14.2331514982255,79.3605108980466,"Alto"
2023-06-21,13.2444544805499,75.8093118958835,"Alto"
2023-06-22,10.3875489742408,64.6052928221028,"Alto"
2023-06-23,8.64509554800437,71.6843214177998,"Alto"
2023-06-24,15.3354977087596,67.7297622431207,"Médio"
2023-06-25,11.0844838406244,66.7846705471202,"Alto"
2023-06-26,11.9296865637842,74.8489609814199,"Alto"
2023-06-27,11.3472483376313,66.890327407568,"Alto"
2023-06-28,11.0588076446068,64.4130568743795,"Alto"
2023-06-29,13.272767782642,71.2335890746162,"Alto"
2023-06-30,13.059041804733,76.3635357777426,"Alto"
2023-07-01,10.6333385037315,66.0738255400035,"Alto"
2023-07-02,12.7586076288974,61.2489209070099,"Alto"
2023-07-03,11.5323247140918,64.2725121152592,"Alto"
2023-07-04,12.5707346534183,62.8767500021872,"Alto"
2023-07-05,12.2903674081289,61.4844070646017,"Alto"
2023-07-06,10.0078324557447,71.5727063861779,"Alto"
2023-07-07,12.8622819783627,66.942324999236,"Alto"
2023-07-08,12.0342898276026,70.4133873448203,"Alto"
2023-07-09,12.3156688753357,63.1250213030988,"Alto"
2023-07-10,10.2048861611708,59.5528753741174,"Alto"
2023-07-11,16.0229208275594,64.9321837324108,"Médio"
2023-07-12,11.3406780400819,67.3551711285705,"Alto"
2023-07-13,12.2252958794195,71.3198363349718,"Alto"
2023-07-14,13.1460273401269,68.4169783060808,"Alto"
2023-07-15,13.582577099813,73.3443750097112,"Alto"
2023-07-16,11.6815255527279,72.461818282994,"Alto"
2023-07-17,10.1517859824784,76.6334499914189,"Alto"
2023-07-18,15.3525111872299,64.2583302541542,"Médio"
2023-07-19,11.7480931482046,68.8500727574013,"Alto"
2023-07-20,12.6921845341787,67.5770399051683,"Alto"
2023-07-21,13.5887436406591,63.1427382140261,"Alto"
2023-07-22,9.42878108377381,60.6046820679767,"Alto"
2023-07-23,9.32913452377806,65.2203538977553,"Alto"
2023-07-24,11.4668559065278,64.1319417881444,"Alto"
2023-07-25,15.3111230463555,56.7012690183843,"Médio"
2023-07-26,12.7147045904347,60.3855166088804,"Alto"
2023-07-27,12.6819849920964,63.3838272722167,"Alto"
2023-07-28,10.2142702317796,63.2026869914163,"Alto"
2023-07-29,10.5186179535714,74.062064505812,"Alto"
2023-07-30,13.9440407561268,51.0551424595833,"Alto"
2023-07-31,10.9573736866042,56.4583630190706,"Alto"
2023-08-01,11.7110265581173,60.0606839463394,"Alto"
2023-08-02,12.1246672304688,60.8000990280866,"Alto"
2023-08-03,12.18258882403,69.0583456890034,"Alto"
2023-08-04,13.1104802215705,61.4938623977509,"Alto"
2023-08-05,13.4733987999109,69.6698378665149,"Alto"
2023-08-06,12.2955467416311,55.7093327681526,"Alto"
2023-08-07,14.5370871481103,57.3611988536866,"Alto"
2023-08-08,13.9762746903008,60.4183899339158,"Alto"
2023-08-09,13.937856119277,59.952655371046,"Alto"
2023-08-10,13.4716213287419,61.5357370191604,"Alto"
2023-08-11,15.1276086531197,66.2456489523337,"Médio"
2023-08-12,13.1592302930119,62.3695619037828,"Alto"
2023-08-13,15.6129409091751,60.1169581343076,"Médio"
2023-08-14,14.1751084935878,64.9798845671968,"Alto"
2023-08-15,17.13039840418,66.7029161599839,"Médio"
2023-08-16,8.21847830448141,55.472653452341,"Alto"
2023-08-17,15.8400580537539,65.5928459129171,"Médio"
2023-08-18,11.4068722906312,58.4882970007321,"Alto"
2023-08-19,15.250614470307,57.7608330471291,"Médio"
2023-08-20,12.4824301492892,58.4508681067005,"Alto"
2023-08-21,15.2742090964564,69.2324154797439,"Médio"
2023-08-22,15.2481051986837,56.900472166511,"Médio"
2023-08-23,13.5828283192811,60.7192256666735,"Alto"
2023-08-24,12.6303922191452,72.3143391715498,"Alto"
2023-08-25,10.703430708922,58.9982636526875,"Alto"
2023-08-26,14.2427216873931,62.5689397913775,"Alto"
2023-08-27,14.7820799597057,66.0263382958857,"Alto"
2023-08-28,15.4651059537835,62.4515097116166,"Médio"
2023-08-29,13.043990358973,72.98792839807,"Alto"
2023-08-30,10.0893691414313,63.923242818565,"Alto"
2023-08-31,16.7402975265994,65.382716807111,"Médio"
2023-09-01,17.7242010512195,74.481290143943,"Médio"
2023-09-02,16.0961185751887,51.5244202694461,"Médio"
2023-09-03,16.0293135076363,58.5294368521924,"Médio"
2023-09-04,16.7860431337601,55.3979206665052,"Médio"
2023-09-05,14.5209447020021,64.1877936243562,"Alto"
2023-09-06,17.3355959847748,58.6506056359205,"Médio"
2023-09-07,17.8361866576869,61.1018904488564,"Médio"
2023-09-08,16.6822335450934,58.0851097312576,"Médio"
2023-09-09,14.9204797722751,66.4543679563846,"Alto"
2023-09-10,19.3449643140204,65.638569668218,"Médio"
2023-09-11,18.2173297910987,51.2405847899561,"Médio"
2023-09-12,11.2018317289991,58.5806655958681,"Alto"
2023-09-13,17.791061108268,59.6741312796611,"Médio"
2023-09-14,15.755823583373,59.2221234459509,"Médio"
2023-09-15,14.1222253132961,63.2552093974368,"Alto"
2023-09-16,15.9655879418682,59.5920847946701,"Médio"
2023-09-17,15.359185064351,60.4503475904686,"Médio"
2023-09-18,15.0183551993774,69.7047384968111,"Médio"
2023-09-19,16.5117759707491,60.4089502389642,"Médio"
2023-09-20,16.0552894589966,62.0706736782166,"Médio"
2023-09-21,20.3216262737365,64.4764434038053,"Baixo"
2023-09-22,17.8679537297096,66.3962083156438,"Médio"
2023-09-23,15.2609968009702,63.8963853009188,"Médio"
2023-09-24,19.4240462270385,64.5483942778349,"Médio"
2023-09-25,17.3270776538555,58.8171869843864,"Médio"
2023-09-26,14.7158137727654,59.3532973542297,"Alto"
2023-09-27,14.3468779697438,60.2619184827996,"Alto"
2023-09-28,19.3727281600361,63.9113078861703,"Médio"
2023-09-29,13.6570029454833,50.6430808970194,"Alto"
2023-09-30,14.4759481762124,57.0946232275319,"Alto"
2023-10-01,19.8794861494987,73.585716100322,"Médio"
2023-10-02,22.4950221003632,60.2454672956648,"Baixo"
2023-10-03,18.3730738838091,60.7796001402148,"Médio"
2023-10-04,18.8943254268321,61.2847780594317,"Médio"
2023-10-05,15.5808950423825,61.7698224001461,"Médio"
2023-10-06,20.0367122309192,66.3926109042334,"Baixo"
2023-10-07,20.1757926150554,63.0773045392104,"Baixo"
2023-10-08,19.7327365880862,60.8387692974144,"Médio"
2023-10-09,17.628335057824,67.2007352063007,"Médio"
2023-10-10,18.8245430907675,69.0316579384465,"Médio"
2023-10-11,22.8639891442982,65.8310883975874,"Baixo"
2023-10-12,21.1757816769641,59.4388692389081,"Baixo"
2023-10-13,21.4874720095973,63.6990488465675,"Baixo"
2023-10-14,20.7572077001777,63.0514729232547,"Baixo"
2023-10-15,19.6843013104735,61.7572022050906,"Médio"
2023-10-16,20.8164351931803,56.5416683770962,"Baixo"
2023-10-17,20.2950526083464,66.4213376489082,"Baixo"
2023-10-18,20.5277398655634,62.6583901402863,"Baixo"
2023-10-19,19.0040443045268,62.2155385095676,"Médio"
2023-10-20,19.1862082226318,58.1817739581109,"Médio"
2023-10-21,18.2989585637574,61.946396595843,"Médio"
2023-10-22,17.0141337354648,67.3523671305453,"Médio"
2023-10-23,16.82540846183,64.3080752013433,"Médio"
2023-10-24,20.6643437465288,62.0482623259579,"Baixo"
2023-10-25,18.8476632601112,64.4595802614461,"Médio"
2023-10-26,17.9585972597154,64.5408984829676,"Médio"
2023-10-27,20.6034386712107,56.2162168540123,"Baixo"
2023-10-28,21.2873595458993,60.0721209434162,"Baixo"
2023-10-29,22.586510085264,59.1379257808372,"Baixo"
2023-10-30,17.0609724592684,54.0255978366338,"Médio"
2023-10-31,18.3164422505126,57.7142112135404,"Médio"
2023-11-01,22.6547858555777,65.1592266087651,"Baixo"
2023-11-02,25.5583445358153,66.2152096491087,"Baixo"
2023-11-03,21.1914767086987,66.1315789484984,"Baixo"
2023-11-04,24.8533709062368,57.0755697306743,"Baixo"
2023-11-05,25.1242211867205,55.5137748880751,"Baixo"
2023-11-06,23.3939458088796,63.89262558945,"Baixo"
2023-11-07,23.782198929868,51.5775002510273,"Baixo"
2023-11-08,26.4296868873859,54.9812087167547,"Baixo"
2023-11-09,23.2107766476204,61.4626684033221,"Baixo"
2023-11-10,22.6200903949952,64.3752208695996,"Baixo"
2023-11-11,20.6444097812641,63.2661204565273,"Baixo"
2023-11-12,25.1303929508365,48.8135139424798,"Baixo"
2023-11-13,27.1418117352879,68.062112431038,"Baixo"
2023-11-14,26.6559226059054,54.4910525763099,"Baixo"
2023-11-15,21.6230151344947,65.8825542518862,"Baixo"
2023-11-16,19.976619674681,63.6162557889818,"Médio"
2023-11-17,26.1530566696162,65.6228871188747,"Baixo"
2023-11-18,31.4489824567058,61.9819091978963,"Baixo"
2023-11-19,25.6439365456949,65.4762799929536,"Baixo"
2023-11-20,24.9835176370216,61.35699391108,"Baixo"
2023-11-21,25.894359193771,61.1753715295326,"Baixo"
2023-11-22,20.3925566571046,64.0446328996957,"Baixo"
2023-11-23,23.124447402364,72.0779619255609,"Baixo"
2023-11-24,25.4014402210424,61.0250384058205,"Baixo"
2023-11-25,24.1239903427117,59.7232129806179,"Baixo"
2023-11-26,24.6395102234727,65.5784052517481,"Baixo"
2023-11-27,24.126584812035,73.0897617440252,"Baixo"
2023-11-28,22.7881831103932,62.7674511264161,"Baixo"
2023-11-29,18.5293840510058,67.094905688744,"Médio"
2023-11-30,22.169687303895,60.3280152665461,"Baixo"
2023-12-01,23.2802341824288,71.8278097286951,"Baixo"
2023-12-02,25.6453002125977,72.863026357058,"Baixo"
2023-12-03,26.172936288858,75.347119398603,"Baixo"
2023-12-04,24.6075065422665,79.3211449090798,"Baixo"
2023-12-05,26.7697363700549,69.6995335691031,"Baixo"
2023-12-06,26.2395973431583,63.8955526057188,"Baixo"
2023-12-07,24.9505607458243,70.7325388861235,"Baixo"
2023-12-08,25.5127656901389,66.4720770093007,"Baixo"
2023-12-09,29.075587047008,72.4941239060129,"Baixo"
2023-12-10,24.0015651872492,73.325191038589,"Baixo"
2023-12-11,26.8326582018285,71.3754140317439,"Baixo"
2023-12-12,26.5442073803422,68.9719521169256,"Baixo"
2023-12-13,28.9509611236166,62.695158832915,"Baixo"
2023-12-14,25.9934067467572,71.0222100789863,"Baixo"
2023-12-15,31.0515913448821,72.2984718903725,"Baixo"
2023-12-16,25.674093579992,64.7128961229383,"Baixo"
2023-12-17,28.0705076790894,66.1414976698668,"Baixo"
2023-12-18,26.6703463813071,69.772820507693,"Baixo"
2023-12-19,24.4285357553068,69.0753162362532,"Baixo"
2023-12-20,26.0805949241627,67.3421887118433,"Baixo"
2023-12-21,26.1867662506677,85.8274075888816,"Baixo"
2023-12-22,29.0185901232374,70.2842122777644,"Baixo"
2023-12-23,21.7758889787896,59.1563126615127,"Baixo"
2023-12-24,26.411056133471,69.3825113978217,"Baixo"
2023-12-25,27.0071911784125,63.7701195253319,"Baixo"
2023-12-26,21.8420441095465,70.8480605382535,"Baixo"
2023-12-27,25.7905807939782,65.0430411967928,"Baixo"
2023-12-28,26.0890475093051,76.2071068438931,"Baixo"
2023-12-29,27.7876558614725,66.7338584478366,"Baixo"
2023-12-30,25.9420055146601,76.2740184412828,"Baixo"
2023-12-31,30.2514911029695,75.0043437972355,"Baixo"
2024-01-01,28.8308648832591,74.7573113726989,"Baixo"
2024-01-02,29.3053080446607,79.261549137842,"Baixo"
2024-01-03,27.0423301656609,67.3481096150007,"Baixo"
2024-01-04,28.5232496596569,77.1824458781152,"Baixo"
2024-01-05,28.4785455097494,64.9785375336116,"Baixo"
2024-01-06,27.0840982135261,76.4553234497748,"Baixo"
2024-01-07,25.2537220765994,73.0978048828629,"Baixo"
2024-01-08,26.8080204710556,80.1847829918499,"Baixo"
2024-01-09,29.5409371303819,80.355100604432,"Baixo"
2024-01-10,29.2429162793276,70.8355781923101,"Baixo"
2024-01-11,26.9420126594812,80.1032203249058,"Baixo"
2024-01-12,27.9838900413912,69.8097760031104,"Baixo"
2024-01-13,25.511598189414,79.7349672705686,"Baixo"
2024-01-14,29.2023460784895,69.0829674126506,"Baixo"
2024-01-15,26.7285410782315,73.2081491850092,"Baixo"
2024-01-16,28.9729801124353,66.3220539969306,"Baixo"
2024-01-17,24.759005165579,73.2267265326493,"Baixo"
2024-01-18,26.9404927346874,66.9457875498329,"Baixo"
2024-01-19,29.3530329718883,76.840329092166,"Baixo"
2024-01-20,25.3833147244671,72.6259939799826,"Baixo"
2024-01-21,26.1489864181915,73.9937095193438,"Baixo"
2024-01-22,30.5973766103067,77.9307417772617,"Baixo"
2024-01-23,26.4742092946082,75.375462083479,"Baixo"
2024-01-24,30.930658122912,74.2158531485631,"Baixo"
2024-01-25,26.4372507773483,81.4829791550265,"Baixo"
2024-01-26,27.3998524052264,79.7202571289851,"Baixo"
2024-01-27,30.4585195226578,65.5036281881275,"Baixo"
2024-01-28,30.2790840043952,71.5722353913637,"Baixo"
2024-01-29,25.2928158676334,76.0984846737047,"Baixo"
2024-01-30,30.676569634004,69.9071251275837,"Baixo"
2024-01-31,28.4239379703382,77.1519193857216,"Baixo"
2024-02-01,28.244861535347,71.3769034614624,"Baixo"
2024-02-02,25.6057297912201,69.5951059756481,"Baixo"
2024-02-03,27.4480044014066,77.321144744074,"Baixo"
2024-02-04,26.0008118795548,68.3408756693622,"Baixo"
2024-02-05,30.4052547091058,81.5494107064131,"Baixo"
2024-02-06,23.3905254231574,73.2887872666001,"Baixo"
2024-02-07,27.6282450409006,84.6292143316114,"Baixo"
2024-02-08,25.1088309307636,84.273038961179,"Baixo"
2024-02-09,29.5959278424145,73.0168587193653,"Baixo"
2024-02-10,20.7176031704577,80.8725980477592,"Baixo"
2024-02-11,23.7471127942016,84.5383775608821,"Baixo"
2024-02-12,26.8178437156628,75.1935457790867,"Baixo"
2024-02-13,29.9676545911525,73.1432568496493,"Baixo"
2024-02-14,28.075224350732,79.0129061120304,"Baixo"
2024-02-15,27.1412122257047,77.1200087553749,"Baixo"
2024-02-16,27.4771313604397,80.1462706397381,"Baixo"
2024-02-17,27.531683685662,76.7371675825169,"Baixo"
2024-02-18,28.7432943617555,81.153000976814,"Baixo"
2024-02-19,28.3548825299337,82.158416931049,"Baixo"
2024-02-20,30.9808996465472,75.2441341600722,"Baixo"
2024-02-21,26.4314430963277,76.444011144185,"Baixo"
2024-02-22,27.5357496777089,79.3706970081846,"Baixo"
2024-02-23,26.4086730591794,85.2376303350461,"Baixo"
2024-02-24,29.5113558437823,80.322874963468,"Baixo"
2024-02-25,26.4342868678303,82.6743530901192,"Baixo"
2024-02-26,29.4255432873954,71.8158844891151,"Baixo"
2024-02-27,27.2272903347901,83.8542513402451,"Baixo"
2024-02-28,25.3252111360358,79.2927397705556,"Baixo"
2024-02-29,27.7488916368098,78.8480413031381,"Baixo"
2024-03-01,22.9996046673368,83.3554602217509,"Baixo"
2024-03-02,23.0715264114857,84.4278520014368,"Baixo"
2024-03-03,23.7992968149834,74.2096613031983,"Baixo"
2024-03-04,23.9115364403805,72.7322821960677,"Baixo"
2024-03-05,22.581990271866,80.8066357020272,"Baixo"
2024-03-06,24.9195529710507,80.5000106613609,"Baixo"
2024-03-07,25.432780636508,77.3942805871391,"Baixo"
2024-03-08,22.2546979332904,76.7899143855583,"Baixo"
2024-03-09,23.1665931869506,73.0740183089822,"Baixo"
2024-03-10,18.7431723623603,84.6094905096141,"Médio"
2024-03-11,24.2615962060077,87.6486324577682,"Baixo"
2024-03-12,22.2240040735192,82.6904117001007,"Baixo"
2024-03-13,23.8105456598245,81.2767004368801,"Baixo"
2024-03-14,23.7339306561172,81.570577862238,"Baixo"
2024-03-15,22.5817911741364,78.6987346253327,"Baixo"
2024-03-16,23.7968010694571,78.1626444579714,"Baixo"
2024-03-17,26.3406931746613,87.6409189481336,"Baixo"
2024-03-18,22.4410121736503,76.4534451629424,"Baixo"
2024-03-19,21.7228665322268,87.1650527243436,"Baixo"
2024-03-20,23.2699275234346,79.5792357361344,"Baixo"
2024-03-21,25.1827489341309,81.1397378303141,"Baixo"
2024-03-22,24.397838320808,79.6639267739785,"Baixo"
2024-03-23,23.2441888216198,84.2013761203841,"Baixo"
2024-03-24,23.178766237765,77.0287982053801,"Baixo"
2024-03-25,23.0776628599411,90.7911637705209,"Baixo"
2024-03-26,26.8480024370934,75.4710862499986,"Baixo"
2024-03-27,22.4848808347106,84.2907704544951,"Baixo"
2024-03-28,23.2676851691041,73.8772680427489,"Baixo"
2024-03-29,24.3973201854849,75.4158665068319,"Baixo"
2024-03-30,25.7758566981043,79.3787830865649,"Baixo"
2024-03-31,25.4679408566998,73.4509138454726,"Baixo"
2024-04-01,17.4600583000395,79.2163507074518,"Médio"
2024-04-02,20.7095897572316,77.3110834483869,"Baixo"
2024-04-03,19.2350710426157,80.6743096340011,"Médio"
2024-04-04,22.8290912458077,82.549218623804,"Baixo"
2024-04-05,19.8334998320234,81.7372866686023,"Médio"
2024-04-06,25.8939762057983,91.6291676870554,"Baixo"
2024-04-07,18.4450761928262,79.5351760648694,"Médio"
2024-04-08,18.4273052022752,84.0098155333738,"Médio"
2024-04-09,20.9245300621463,77.8342962728427,"Baixo"
2024-04-10,18.6164871747319,79.2844506707757,"Médio"
2024-04-11,20.2820034800088,82.6415653199214,"Baixo"
2024-04-12,16.789812882419,87.9354797414742,"Médio"
2024-04-13,21.5646725264473,80.5425197881803,"Baixo"
2024-04-14,19.2811551546353,81.0146415478821,"Médio"
2024-04-15,21.6399039182635,81.8402457800301,"Baixo"
2024-04-16,17.1429561719002,80.0151614555344,"Médio"
2024-04-17,20.7212249503627,83.0599384805006,"Baixo"
2024-04-18,19.3113261933404,71.1264646566974,"Médio"
2024-04-19,19.1400609724108,78.2240187269645,"Médio"
2024-04-20,20.0655397880737,82.344370701589,"Baixo"
2024-04-21,18.6262107870366,73.5333555175342,"Médio"
2024-04-22,21.3255707654018,83.8588941343623,"Baixo"
2024-04-23,19.3002963018832,70.0755123497973,"Médio"
2024-04-24,19.5813790410808,84.574250642011,"Médio"
2024-04-25,19.8966432330177,78.3607260698407,"Médio"
2024-04-26,21.7767052154227,80.9974763804298,"Baixo"
2024-04-27,17.1290998550374,88.3123772589709,"Médio"
2024-04-28,14.8154325726898,82.4937978865583,"Alto"
2024-04-29,14.8162062666868,70.5368354995567,"Alto"
2024-04-30,24.9608885556715,76.7668960279597,"Baixo"
2024-05-01,15.9874169021702,80.9348837355386,"Médio"
2024-05-02,17.8399573318205,70.9265922407656,"Médio"
2024-05-03,16.5213774854036,74.5291441475161,"Médio"
2024-05-04,14.9150373903903,71.8453531224776,"Alto"
2024-05-05,17.9493712783629,80.5231313400496,"Médio"
2024-05-06,10.848686548822,74.5666548654812,"Alto"
2024-05-07,14.4937922254349,79.3412535243909,"Alto"
2024-05-08,13.8147432957973,74.5928151840945,"Alto"
2024-05-09,17.0368858125875,68.0222263079031,"Médio"
2024-05-10,22.0863851306453,81.8748372215899,"Baixo"
2024-05-11,15.4841593599027,76.2441404379114,"Médio"
2024-05-12,14.442241539151,74.3686311076691,"Alto"
2024-05-13,17.9385963246528,78.0367630601698,"Médio"
2024-05-14,16.1822841089629,70.4386588045563,"Médio"
2024-05-15,16.4489463821834,77.7651708513226,"Médio"
2024-05-16,16.0239205908104,77.8995752041163,"Médio"
2024-05-17,13.929708364881,77.6525009721958,"Alto"
2024-05-18,12.3290737157622,73.1260344248435,"Alto"
2024-05-19,18.7806635469745,69.2084475366084,"Médio"
2024-05-20,16.6488274890579,78.5697933144806,"Médio"
2024-05-21,16.1894058887409,69.2841220265415,"Médio"
2024-05-22,20.4204158947143,68.6726133653564,"Baixo"
2024-05-23,18.571873815195,70.8896155223078,"Médio"
2024-05-24,14.1712294883309,77.7338668551432,"Alto"
2024-05-25,18.3127073220744,76.6237693415975,"Médio"
2024-05-26,18.5244024770755,65.0311360386539,"Médio"
2024-05-27,14.2565037500631,74.9701941846155,"Alto"
2024-05-28,16.6607512873772,78.397908198698,"Médio"
2024-05-29,13.0684894916486,64.5463112970057,"Alto"
2024-05-30,16.7826097422076,72.5205284542723,"Médio"
2024-05-31,15.7197306290179,76.5885650986218,"Médio"
2024-06-01,11.8685519936436,63.2768392085788,"Alto"
2024-06-02,13.7017187890046,66.6858197835803,"Alto"
2024-06-03,13.4847772027281,67.707264105741,"Alto"
2024-06-04,10.5229560880468,71.4079441995504,"Alto"
2024-06-05,12.6052863284903,80.8432019626023,"Alto"
2024-06-06,12.5450658932213,70.4805943374283,"Alto"
2024-06-07,11.681654443658,62.8448391220284,"Alto"
2024-06-08,13.3191761554943,71.4274375058763,"Alto"
2024-06-09,11.6987937601975,71.2324558507515,"Alto"
2024-06-10,12.0573328557853,74.0871934292096,"Alto"
2024-06-11,12.392685558843,64.6514820897099,"Alto"
2024-06-12,11.716053799115,72.0637765850044,"Alto"
2024-06-13,13.0424325714231,67.9063569976605,"Alto"
2024-06-14,10.5769421551597,64.259789340365,"Alto"
2024-06-15,11.9786031871308,76.1212051705539,"Alto"
2024-06-16,14.5050878798117,76.30762913937,"Alto"
2024-06-17,9.25884758159693,68.9027543102343,"Alto"
2024-06-18,14.8601974802015,78.5114398372357,"Alto"
2024-06-19,14.3835304108732,71.9359820302527,"Alto"
2024-06-20,14.2356273282233,62.4243305576444,"Alto"
2024-06-21,15.090159542232,70.1217225750237,"Médio"
2024-06-22,9.15571462841971,65.1951072149544,"Alto"
2024-06-23,13.5235063591291,71.3786593977306,"Alto"
2024-06-24,10.0953941710629,70.2111938995516,"Alto"
2024-06-25,13.573629421784,67.510483299093,"Alto"
2024-06-26,13.1150059553782,67.6192730608441,"Alto"
2024-06-27,14.668332051284,66.9883798766673,"Alto"
2024-06-28,14.1819429634415,78.7286077311568,"Alto"
2024-06-29,9.44816196487404,70.0844267166901,"Alto"
2024-06-30,10.7580789780817,64.2909688686025,"Alto"
2024-07-01,14.3124452895998,66.3742054089857,"Alto"
2024-07-02,10.0106338713806,67.488108654775,"Alto"
2024-07-03,12.5656847389452,64.1825361245491,"Alto"
2024-07-04,13.9490646936861,61.2813042175323,"Alto"
2024-07-05,11.1649678870028,68.6240810396665,"Alto"
2024-07-06,11.0098615281571,63.959136118333,"Alto"
2024-07-07,9.25348778592646,62.9696597820486,"Alto"
2024-07-08,11.9814237988193,69.2006003688642,"Alto"
2024-07-09,11.0231651086042,65.2346540808703,"Alto"
2024-07-10,11.2378660559273,53.32161313865,"Alto"
2024-07-11,13.5190279027897,72.9767263800698,"Alto"
2024-07-12,14.5827689522319,73.722348881236,"Alto"
2024-07-13,12.6070209370253,72.7147177251159,"Alto"
2024-07-14,14.182201270408,65.3464904467883,"Alto"
2024-07-15,15.0854158705728,71.4550118373829,"Médio"
2024-07-16,10.3704877796704,69.3058663722656,"Alto"
2024-07-17,14.4814862576097,61.1523672597676,"Alto"
2024-07-18,14.2322714095449,67.1032762984432,"Alto"
2024-07-19,14.3020097171585,67.9906660679582,"Alto"
2024-07-20,12.9172835745995,67.3731887818452,"Alto"
2024-07-21,10.7520694082002,74.0842603525728,"Alto"
2024-07-22,10.0602670921166,70.0511242488507,"Alto"
2024-07-23,15.5942530031314,63.1166361547197,"Médio"
2024-07-24,9.29668794686337,68.1719005680799,"Alto"
2024-07-25,11.4882219660417,67.9000697947961,"Alto"
2024-07-26,10.1027947486918,64.7339795293365,"Alto"
2024-07-27,14.2594473852238,65.2381771117517,"Alto"
2024-07-28,10.8781615668108,61.4241418661034,"Alto"
2024-07-29,11.4807256125248,72.4122643127629,"Alto"
2024-07-30,12.9958743957105,70.223270282504,"Alto"
2024-07-31,8.67493874528055,65.626635639084,"Alto"
2024-08-01,11.2950305062762,69.9934972832501,"Alto"
2024-08-02,11.0475394534,63.550061619788,"Alto"
2024-08-03,13.6918275861849,66.6399254687255,"Alto"
2024-08-04,17.0116408370483,62.1377843105673,"Médio"
2024-08-05,11.6000970571932,59.8136746173111,"Alto"
2024-08-06,12.143551703199,65.0510803033147,"Alto"
2024-08-07,15.9559100904608,63.7234670300873,"Médio"
2024-08-08,13.2476382867486,66.2861802136536,"Alto"
2024-08-09,12.6682772288845,65.1503332804238,"Alto"
2024-08-10,10.231477640659,65.3730995790718,"Alto"
2024-08-11,13.4138503808422,58.5236712517674,"Alto"
2024-08-12,12.1400927200694,56.1931699733049,"Alto"
2024-08-13,13.4959347018161,65.1246006615469,"Alto"
2024-08-14,14.1048831238079,56.2307430364256,"Alto"
2024-08-15,9.43964313904721,56.0128620240438,"Alto"
2024-08-16,14.1863549923292,52.2781563231538,"Alto"
2024-08-17,16.4277256040682,64.3667938967863,"Médio"
2024-08-18,17.9238188511518,57.3220648430795,"Médio"
2024-08-19,12.0238065841195,54.2831113357326,"Alto"
2024-08-20,16.21916090276,58.7015130762248,"Médio"
2024-08-21,10.8419609828006,64.3563260317652,"Alto"
2024-08-22,13.1651868142767,55.1298457602053,"Alto"
2024-08-23,17.5212513916681,54.7428231316521,"Médio"
2024-08-24,13.9720443297076,63.1400734394574,"Alto"
2024-08-25,13.2346025175504,67.0518002878967,"Alto"
2024-08-26,10.831500905083,63.6864567905189,"Alto"
2024-08-27,12.3143350177697,65.1307714484051,"Alto"
2024-08-28,15.855237165343,61.9566045929034,"Médio"
2024-08-29,10.3279779768413,52.3659356473375,"Alto"
2024-08-30,10.145012515011,65.0090390870851,"Alto"
2024-08-31,9.75963389853483,61.6358363628827,"Alto"
2024-09-01,18.2532682935584,65.432698994778,"Médio"
2024-09-02,17.1041437867648,52.3342359796008,"Médio"
2024-09-03,15.0845233053896,62.6180017410651,"Médio"
2024-09-04,16.699809304507,53.8374775889334,"Médio"
2024-09-05,17.7753949191495,66.0120085987816,"Médio"
2024-09-06,13.89870012025,64.4941081183632,"Alto"
2024-09-07,15.3623531583391,56.5424361139024,"Médio"
2024-09-08,14.2297497780207,71.6760473965722,"Alto"
2024-09-09,17.7589588823684,54.3476339474726,"Médio"
2024-09-10,15.8753037323021,56.8868678948381,"Médio"
2024-09-11,15.2671441292705,57.7694379838938,"Médio"
2024-09-12,12.7920266432706,60.9092236115946,"Alto"
2024-09-13,15.6615391653461,61.7257211210749,"Médio"
2024-09-14,14.4300694925254,53.7212908010273,"Alto"
2024-09-15,15.1993376195663,61.9130039002757,"Médio"
2024-09-16,18.0878090239714,53.3114684604954,"Médio"
2024-09-17,17.0647344992086,63.5624924696377,"Médio"
2024-09-18,14.8069862349136,63.5182610813266,"Alto"
2024-09-19,14.6102740430747,58.4407232780632,"Alto"
2024-09-20,13.9786148515115,67.5008498503852,"Alto"
2024-09-21,14.2416640649965,53.970470644621,"Alto"
2024-09-22,15.8867727965479,59.2402681257827,"Médio"
2024-09-23,19.4164301488571,59.4845489734139,"Médio"
2024-09-24,16.0023516150912,71.0936473938988,"Médio"
2024-09-25,18.8270048745402,63.1205491365647,"Médio"
2024-09-26,14.8932186927725,65.0580676268784,"Alto"
2024-09-27,12.8950084592728,61.9163473697245,"Alto"
2024-09-28,15.3372063494218,60.6618474782599,"Médio"
2024-09-29,15.2926948376212,59.3752867310815,"Médio"
2024-09-30,16.2707228626471,60.6866373954758,"Médio"
2024-10-01,19.0957651019629,67.2004629523183,"Médio"
2024-10-02,21.744948531276,72.8247149971538,"Baixo"
2024-10-03,19.7142603604188,64.8714384941872,"Médio"
2024-10-04,19.4522543626204,60.5964380838992,"Médio"
2024-10-05,18.6658098378502,63.4623810474163,"Médio"
2024-10-06,20.7947851368508,55.9674074302581,"Baixo"
2024-10-07,19.5262701720424,57.4829164829811,"Médio"
2024-10-08,19.2698340630369,60.7000199507082,"Médio"
2024-10-09,22.8841984069094,64.1949946684534,"Baixo"
2024-10-10,20.0624401862111,64.2304348386086,"Baixo"
2024-10-11,22.1528711866781,55.3577753231997,"Baixo"
2024-10-12,21.4253889202228,53.4363792168848,"Baixo"
2024-10-13,16.2403539867648,64.504859063343,"Médio"
2024-10-14,22.8768321258303,58.030695522307,"Baixo"
2024-10-15,18.1980022938458,57.3507033405647,"Médio"
2024-10-16,20.9980845167848,59.0072094096074,"Baixo"
2024-10-17,21.9939072173684,66.8325193004118,"Baixo"
2024-10-18,25.0695786894303,55.3757047286034,"Baixo"
2024-10-19,22.2534223140494,66.0023221744608,"Baixo"
2024-10-20,20.6013252690423,65.9210579331201,"Baixo"
2024-10-21,18.4253650108601,54.550526483615,"Médio"
2024-10-22,20.3407066992706,58.714728885317,"Baixo"
2024-10-23,16.3501108168096,66.7420506187996,"Médio"
2024-10-24,20.4295257374961,47.1464577138371,"Baixo"
2024-10-25,20.574281486959,62.4903071161018,"Baixo"
2024-10-26,21.1386635473752,68.1007308714965,"Baixo"
2024-10-27,22.2907792818843,66.2468164833862,"Baixo"
2024-10-28,20.3046624702392,66.2952022290545,"Baixo"
2024-10-29,18.1535784689337,62.9849263144104,"Médio"
2024-10-30,19.2074271777022,59.5235666088107,"Médio"
2024-10-31,17.1080204988532,64.5905519822536,"Médio"
2024-11-01,23.6806973933196,61.1102475022989,"Baixo"
2024-11-02,22.5412365076552,64.0733192102737,"Baixo"
2024-11-03,25.0846160788532,72.5678860911221,"Baixo"
2024-11-04,23.6382776205855,69.8176336295715,"Baixo"
2024-11-05,22.922022785619,64.7210463394903,"Baixo"
2024-11-06,23.3621452747561,64.2120791463776,"Baixo"
2024-11-07,20.703781872544,67.1299877137827,"Baixo"
2024-11-08,21.4497896669329,70.3265190866781,"Baixo"
2024-11-09,21.8600350444502,71.6597969374984,"Baixo"
2024-11-10,24.1460169363405,59.8278172567097,"Baixo"
2024-11-11,22.2200331099852,59.5899285533102,"Baixo"
2024-11-12,26.1553274718445,58.9203033953463,"Baixo"
2024-11-13,25.8974160719773,61.152814350052,"Baixo"
2024-11-14,23.4963278191482,66.7550203999968,"Baixo"
2024-11-15,25.656975750856,60.1106940163678,"Baixo"
2024-11-16,23.5158853234698,53.698994837844,"Baixo"
2024-11-17,24.6998460432076,69.7133942982595,"Baixo"
2024-11-18,31.1126496042211,67.577273668916,"Baixo"
2024-11-19,25.7104997979795,66.2947975727497,"Baixo"
2024-11-20,26.9221085862876,68.837397643365,"Baixo"
2024-11-21,23.1705685778013,62.9396304320111,"Baixo"
2024-11-22,25.4170367425496,72.6497458481126,"Baixo"
2024-11-23,25.522576916548,64.9728770751998,"Baixo"
2024-11-24,21.354377422573,74.4074950508705,"Baixo"
2024-11-25,20.2251363136326,67.0559896193981,"Baixo"
2024-11-26,18.3555588228308,59.8685229551675,"Médio"
2024-11-27,21.3740933936225,72.8327560416294,"Baixo"
2024-11-28,24.1359326814773,59.5521351454739,"Baixo"
2024-11-29,19.8975906416602,63.8287453512705,"Médio"
2024-11-30,21.5610409676943,62.9830265263788,"Baixo"
2024-12-01,28.9192313921962,71.2202892189498,"Baixo"
2024-12-02,24.0644547691857,70.2294134343849,"Baixo"
2024-12-03,28.3250447114136,68.3970835988881,"Baixo"
2024-12-04,26.6645271944927,76.5445096753895,"Baixo"
2024-12-05,24.8962083325951,73.4516676207469,"Baixo"
2024-12-06,27.8529632471391,68.995521932024,"Baixo"
2024-12-07,28.8239449894948,76.64760147763,"Baixo"
2024-12-08,27.1542336445342,75.6857108978799,"Baixo"
2024-12-09,29.8247986621589,71.3247342588396,"Baixo"
2024-12-10,27.7960522719155,68.6763901462293,"Baixo"
2024-12-11,26.9401222982743,73.1343391020426,"Baixo"
2024-12-12,26.1002323688979,74.2490951129906,"Baixo"
2024-12-13,25.9646007458424,72.0829546571719,"Baixo"
2024-12-14,26.6798826938566,63.1533381674248,"Baixo"
2024-12-15,25.0155940974161,70.1049130069492,"Baixo"
2024-12-16,27.3390162334177,73.2709897954689,"Baixo"
2024-12-17,28.2838002797799,66.5415515718264,"Baixo"
2024-12-18,27.2177636352523,67.4582201207028,"Baixo"
2024-12-19,26.2251646248684,70.1752475286775,"Baixo"
2024-12-20,25.971605472461,66.5921482799442,"Baixo"
2024-12-21,24.5626363944942,69.7262607803915,"Baixo"
2024-12-22,27.307062183929,71.1261350946784,"Baixo"
2024-12-23,28.6988480031947,63.3312795182651,"Baixo"
2024-12-24,30.4838569785024,66.52067129576,"Baixo"
2024-12-25,27.1579092033778,71.8007375069361,"Baixo"
2024-12-26,28.7416634705868,69.0648925992909,"Baixo"
2024-12-27,29.3180490847238,68.6568639679362,"Baixo"
2024-12-28,29.2071931344452,66.6484842296002,"Baixo"
2024-12-29,25.1497328937801,67.9915113150715,"Baixo"
2024-12-30,28.7957513421516,71.4416641134977,"Baixo"
2024-12-31,28.2169343774116,74.7759520138055,"Baixo"
