"ano_epidemio","semana_epidemio","uf","tipo_gripe","total_casos","idade_media","temp_media_semana","umidade_media_semana"
2020,1,"PR","Outras Respiratórias",17,76.8823529411765,30.086659044296,76.8455017064354
2020,1,"RS","Influenza",7,89,30.086659044296,76.8455017064354
2020,1,"RS","Outras Respiratórias",15,53.1333333333333,30.086659044296,76.8455017064354
2020,1,"SC","Outras Respiratórias",13,62.3846153846154,30.086659044296,76.8455017064354
2020,2,"PR","Outras Respiratórias",57,55.2631578947368,27.9512441238344,73.1017290662386
2020,2,"RS","Outras Respiratórias",49,37.6938775510204,27.9512441238344,73.1017290662386
2020,2,"SC","Influenza",12,20,27.9512441238344,73.1017290662386
2020,2,"SC","Outras Respiratórias",25,34.68,27.9512441238344,73.1017290662386
2020,3,"PR","Influenza",9,63,26.545766504439,72.9058869195781
2020,3,"PR","Outras Respiratórias",38,53.9210526315789,26.545766504439,72.9058869195781
2020,3,"RS","Influenza",3,91,26.545766504439,72.9058869195781
2020,3,"RS","Outras Respiratórias",36,51.8055555555556,26.545766504439,72.9058869195781
2020,3,"SC","Influenza",5,91.6,26.545766504439,72.9058869195781
2020,3,"SC","Outras Respiratórias",16,62.875,26.545766504439,72.9058869195781
2020,4,"PR","Influenza",15,76.4,27.1262751717801,70.833618289326
2020,4,"PR","Outras Respiratórias",25,43.68,27.1262751717801,70.833618289326
2020,4,"RS","Influenza",12,58.75,27.1262751717801,70.833618289326
2020,4,"RS","Outras Respiratórias",24,51.0416666666667,27.1262751717801,70.833618289326
2020,4,"SC","Influenza",5,86.6,27.1262751717801,70.833618289326
2020,4,"SC","Outras Respiratórias",15,51.2,27.1262751717801,70.833618289326
2020,5,"PR","Outras Respiratórias",45,69.1555555555556,28.1941553431384,75.2283275306349
2020,5,"RS","Influenza",3,85,28.1941553431384,75.2283275306349
2020,5,"RS","Outras Respiratórias",36,76.5277777777778,28.1941553431384,75.2283275306349
2020,5,"SC","Influenza",3,84,28.1941553431384,75.2283275306349
2020,5,"SC","Outras Respiratórias",19,84.0526315789474,28.1941553431384,75.2283275306349
2020,6,"PR","Outras Respiratórias",42,65.2857142857143,28.4635522445118,78.5558336892783
2020,6,"RS","Outras Respiratórias",62,57.6451612903226,28.4635522445118,78.5558336892783
2020,6,"SC","Outras Respiratórias",25,53.08,28.4635522445118,78.5558336892783
2020,7,"PR","Influenza",10,84,27.8568123105768,77.1840475123749
2020,7,"PR","Outras Respiratórias",36,57.1666666666667,27.8568123105768,77.1840475123749
2020,7,"RS","Outras Respiratórias",33,64.2121212121212,27.8568123105768,77.1840475123749
2020,7,"SC","Outras Respiratórias",30,57.1,27.8568123105768,77.1840475123749
2020,8,"PR","Outras Respiratórias",40,57.5,26.6174805807209,76.7215749137887
2020,8,"RS","Outras Respiratórias",46,66.7173913043478,26.6174805807209,76.7215749137887
2020,8,"SC","Outras Respiratórias",30,35.0333333333333,26.6174805807209,76.7215749137887
2020,9,"PR","Influenza",17,29.4117647058824,26.4192450519225,75.5233806199597
2020,9,"PR","Outras Respiratórias",36,53.0555555555556,26.4192450519225,75.5233806199597
2020,9,"RS","Influenza",7,18,26.4192450519225,75.5233806199597
2020,9,"RS","Outras Respiratórias",32,47.46875,26.4192450519225,75.5233806199597
2020,9,"SC","Outras Respiratórias",23,56.2173913043478,26.4192450519225,75.5233806199597
2020,10,"PR","Outras Respiratórias",70,43.3571428571429,23.1816259287155,81.2719204863641
2020,10,"RS","Influenza",18,68.5,23.1816259287155,81.2719204863641
2020,10,"RS","Outras Respiratórias",30,59.6333333333333,23.1816259287155,81.2719204863641
2020,10,"SC","Outras Respiratórias",33,59.7272727272727,23.1816259287155,81.2719204863641
2020,11,"PR","Influenza",7,77,23.8087745979569,75.5664454833564
2020,11,"PR","Outras Respiratórias",46,48.8260869565217,23.8087745979569,75.5664454833564
2020,11,"RS","Outras Respiratórias",52,74.9615384615385,23.8087745979569,75.5664454833564
2020,11,"SC","Outras Respiratórias",36,50.8888888888889,23.8087745979569,75.5664454833564
2020,12,"PR","Influenza",14,49,23.8498700691975,79.302067287709
2020,12,"PR","Outras Respiratórias",51,42.6862745098039,23.8498700691975,79.302067287709
2020,12,"RS","Influenza",20,57.9,23.8498700691975,79.302067287709
2020,12,"RS","Outras Respiratórias",38,51,23.8498700691975,79.302067287709
2020,12,"SC","Outras Respiratórias",45,34.3777777777778,23.8498700691975,79.302067287709
2020,13,"PR","Influenza",23,23.5217391304348,25.1117788606581,77.8303888243926
2020,13,"PR","Outras Respiratórias",46,47.9782608695652,25.1117788606581,77.8303888243926
2020,13,"RS","Influenza",18,49.1111111111111,25.1117788606581,77.8303888243926
2020,13,"RS","Outras Respiratórias",27,79,25.1117788606581,77.8303888243926
2020,13,"SC","Outras Respiratórias",39,64.0512820512821,25.1117788606581,77.8303888243926
2020,14,"PR","Influenza",8,95,22.3930973463086,76.4699146857251
2020,14,"PR","Outras Respiratórias",61,70.9508196721311,22.3930973463086,76.4699146857251
2020,14,"RS","Outras Respiratórias",56,51.6964285714286,22.3930973463086,76.4699146857251
2020,14,"SC","Influenza",4,51,22.3930973463086,76.4699146857251
2020,14,"SC","Outras Respiratórias",26,56.1153846153846,22.3930973463086,76.4699146857251
2020,15,"PR","Influenza",17,53,19.1695461088711,77.8602677758328
2020,15,"PR","Outras Respiratórias",72,70.8472222222222,19.1695461088711,77.8602677758328
2020,15,"RS","Influenza",12,0,19.1695461088711,77.8602677758328
2020,15,"RS","Outras Respiratórias",55,31,19.1695461088711,77.8602677758328
2020,15,"SC","Influenza",14,88.8571428571429,19.1695461088711,77.8602677758328
2020,15,"SC","Outras Respiratórias",38,64.5789473684211,19.1695461088711,77.8602677758328
2020,16,"PR","Outras Respiratórias",80,44.95,19.6885750956608,75.7264349196045
2020,16,"RS","Influenza",11,79,19.6885750956608,75.7264349196045
2020,16,"RS","Outras Respiratórias",69,52.231884057971,19.6885750956608,75.7264349196045
2020,16,"SC","Influenza",8,23,19.6885750956608,75.7264349196045
2020,16,"SC","Outras Respiratórias",39,47.8974358974359,19.6885750956608,75.7264349196045
2020,17,"PR","Influenza",10,71,19.0710707004528,79.2873889003569
2020,17,"PR","Outras Respiratórias",81,61.641975308642,19.0710707004528,79.2873889003569
2020,17,"RS","Influenza",9,68,19.0710707004528,79.2873889003569
2020,17,"RS","Outras Respiratórias",73,41.5342465753425,19.0710707004528,79.2873889003569
2020,17,"SC","Influenza",6,81,19.0710707004528,79.2873889003569
2020,17,"SC","Outras Respiratórias",30,70.9,19.0710707004528,79.2873889003569
2020,18,"PR","Outras Respiratórias",89,63.8202247191011,18.9834734559802,75.6856299266463
2020,18,"RS","Outras Respiratórias",82,61.4024390243902,18.9834734559802,75.6856299266463
2020,18,"SC","Outras Respiratórias",55,77.2545454545455,18.9834734559802,75.6856299266463
2020,19,"PR","Influenza",15,83,15.8247649785666,78.3300716553988
2020,19,"PR","Outras Respiratórias",105,39.247619047619,15.8247649785666,78.3300716553988
2020,19,"RS","Influenza",35,68.9142857142857,15.8247649785666,78.3300716553988
2020,19,"RS","Outras Respiratórias",59,46.7966101694915,15.8247649785666,78.3300716553988
2020,19,"SC","Outras Respiratórias",67,23.6268656716418,15.8247649785666,78.3300716553988
2020,20,"PR","Influenza",16,73,16.1945057013883,72.954142654866
2020,20,"PR","Outras Respiratórias",116,63.5344827586207,16.1945057013883,72.954142654866
2020,20,"RS","Influenza",15,97,16.1945057013883,72.954142654866
2020,20,"RS","Outras Respiratórias",101,58.8712871287129,16.1945057013883,72.954142654866
2020,20,"SC","Influenza",8,26,16.1945057013883,72.954142654866
2020,20,"SC","Outras Respiratórias",64,55.296875,16.1945057013883,72.954142654866
2020,21,"PR","Influenza",22,88.4545454545455,15.4593659986625,76.5949908075394
2020,21,"PR","Outras Respiratórias",80,83.1875,15.4593659986625,76.5949908075394
2020,21,"RS","Outras Respiratórias",94,50.6489361702128,15.4593659986625,76.5949908075394
2020,21,"SC","Outras Respiratórias",65,59.8307692307692,15.4593659986625,76.5949908075394
2020,22,"PR","Influenza",12,67,16.4918163597298,74.8072840749328
2020,22,"PR","Outras Respiratórias",101,64.5346534653465,16.4918163597298,74.8072840749328
2020,22,"RS","Outras Respiratórias",95,44.5894736842105,16.4918163597298,74.8072840749328
2020,22,"SC","Outras Respiratórias",76,54.1184210526316,16.4918163597298,74.8072840749328
2020,23,"PR","Outras Respiratórias",107,62.7289719626168,14.0128456220969,68.9211504716664
2020,23,"RS","Outras Respiratórias",107,62.411214953271,14.0128456220969,68.9211504716664
2020,23,"SC","Outras Respiratórias",70,62.2428571428571,14.0128456220969,68.9211504716664
2020,24,"PR","Influenza",37,80.5135135135135,11.8914047105512,72.308541447992
2020,24,"PR","Outras Respiratórias",78,65,11.8914047105512,72.308541447992
2020,24,"RS","Influenza",16,73,11.8914047105512,72.308541447992
2020,24,"RS","Outras Respiratórias",89,73.3258426966292,11.8914047105512,72.308541447992
2020,24,"SC","Influenza",15,76,11.8914047105512,72.308541447992
2020,24,"SC","Outras Respiratórias",66,54.6969696969697,11.8914047105512,72.308541447992
2020,25,"PR","Influenza",22,75,12.738155009939,69.89995080079
2020,25,"PR","Outras Respiratórias",105,47.9809523809524,12.738155009939,69.89995080079
2020,25,"RS","Influenza",19,14,12.738155009939,69.89995080079
2020,25,"RS","Outras Respiratórias",116,65.8534482758621,12.738155009939,69.89995080079
2020,25,"SC","Outras Respiratórias",81,56.6049382716049,12.738155009939,69.89995080079
2020,26,"PR","Outras Respiratórias",126,75.4126984126984,12.814559932608,68.5092700297037
2020,26,"RS","Outras Respiratórias",106,68.0566037735849,12.814559932608,68.5092700297037
2020,26,"SC","Outras Respiratórias",89,71.4494382022472,12.814559932608,68.5092700297037
2020,27,"PR","Influenza",38,54.3947368421053,11.7025871883873,71.5500055833865
2020,27,"PR","Outras Respiratórias",81,72.1111111111111,11.7025871883873,71.5500055833865
2020,27,"RS","Outras Respiratórias",118,44.7372881355932,11.7025871883873,71.5500055833865
2020,27,"SC","Outras Respiratórias",76,67.2236842105263,11.7025871883873,71.5500055833865
2020,28,"PR","Influenza",14,80,11.5281648796511,63.3825053687384
2020,28,"PR","Outras Respiratórias",117,46.7863247863248,11.5281648796511,63.3825053687384
2020,28,"RS","Influenza",21,73,11.5281648796511,63.3825053687384
2020,28,"RS","Outras Respiratórias",111,68.1981981981982,11.5281648796511,63.3825053687384
2020,28,"SC","Outras Respiratórias",85,58.7058823529412,11.5281648796511,63.3825053687384
2020,29,"PR","Influenza",25,19,12.177040526065,62.8897561743431
2020,29,"PR","Outras Respiratórias",105,78.7333333333333,12.177040526065,62.8897561743431
2020,29,"RS","Influenza",14,23,12.177040526065,62.8897561743431
2020,29,"RS","Outras Respiratórias",101,74.6435643564356,12.177040526065,62.8897561743431
2020,29,"SC","Outras Respiratórias",86,55.1046511627907,12.177040526065,62.8897561743431
2020,30,"PR","Outras Respiratórias",132,68.8863636363636,12.2578424068717,68.2712885900224
2020,30,"RS","Influenza",16,87,12.2578424068717,68.2712885900224
2020,30,"RS","Outras Respiratórias",97,56.1134020618557,12.2578424068717,68.2712885900224
2020,30,"SC","Influenza",13,83,12.2578424068717,68.2712885900224
2020,30,"SC","Outras Respiratórias",72,45.6388888888889,12.2578424068717,68.2712885900224
2020,31,"PR","Outras Respiratórias",135,58.9925925925926,11.6227297672285,64.5007623901025
2020,31,"RS","Influenza",31,37.0322580645161,11.6227297672285,64.5007623901025
2020,31,"RS","Outras Respiratórias",69,67.6521739130435,11.6227297672285,64.5007623901025
2020,31,"SC","Outras Respiratórias",86,35.1860465116279,11.6227297672285,64.5007623901025
2020,32,"PR","Influenza",36,48.7777777777778,13.3510156774434,62.334780535074
2020,32,"PR","Outras Respiratórias",92,70.8695652173913,13.3510156774434,62.334780535074
2020,32,"RS","Outras Respiratórias",123,74.4471544715447,13.3510156774434,62.334780535074
2020,32,"SC","Outras Respiratórias",76,74.0526315789474,13.3510156774434,62.334780535074
2020,33,"PR","Influenza",15,27,12.3679619121281,61.3470027593941
2020,33,"PR","Outras Respiratórias",97,69.1030927835052,12.3679619121281,61.3470027593941
2020,33,"RS","Influenza",18,60,12.3679619121281,61.3470027593941
2020,33,"RS","Outras Respiratórias",92,68.8478260869565,12.3679619121281,61.3470027593941
2020,33,"SC","Influenza",13,65,12.3679619121281,61.3470027593941
2020,33,"SC","Outras Respiratórias",83,65.855421686747,12.3679619121281,61.3470027593941
2020,34,"PR","Outras Respiratórias",121,56.9090909090909,13.9869449526963,65.389682978775
2020,34,"RS","Outras Respiratórias",110,53.2272727272727,13.9869449526963,65.389682978775
2020,34,"SC","Influenza",11,66,13.9869449526963,65.389682978775
2020,34,"SC","Outras Respiratórias",79,46.126582278481,13.9869449526963,65.389682978775
2020,35,"PR","Outras Respiratórias",119,54.6050420168067,14.1004432997179,65.0839479745832
2020,35,"RS","Outras Respiratórias",97,36.8247422680412,14.1004432997179,65.0839479745832
2020,35,"SC","Outras Respiratórias",69,41.9130434782609,14.1004432997179,65.0839479745832
2020,36,"PR","Influenza",12,87,16.4227599908652,58.4133918533426
2020,36,"PR","Outras Respiratórias",96,89.6770833333333,16.4227599908652,58.4133918533426
2020,36,"RS","Outras Respiratórias",91,69.8131868131868,16.4227599908652,58.4133918533426
2020,36,"SC","Outras Respiratórias",73,81.8904109589041,16.4227599908652,58.4133918533426
2020,37,"PR","Influenza",11,86,16.1832848897417,60.2605195124373
2020,37,"PR","Outras Respiratórias",96,61.3645833333333,16.1832848897417,60.2605195124373
2020,37,"RS","Influenza",30,29,16.1832848897417,60.2605195124373
2020,37,"RS","Outras Respiratórias",90,58.4888888888889,16.1832848897417,60.2605195124373
2020,37,"SC","Influenza",13,66,16.1832848897417,60.2605195124373
2020,37,"SC","Outras Respiratórias",53,70.0754716981132,16.1832848897417,60.2605195124373
2020,38,"PR","Influenza",12,17,16.240789828,59.63324697994
2020,38,"PR","Outras Respiratórias",113,52.8318584070796,16.240789828,59.63324697994
2020,38,"RS","Outras Respiratórias",100,81.04,16.240789828,59.63324697994
2020,38,"SC","Influenza",16,15.6875,16.240789828,59.63324697994
2020,38,"SC","Outras Respiratórias",54,52.5925925925926,16.240789828,59.63324697994
2020,39,"PR","Influenza",34,85.7058823529412,16.3310557546583,58.390308661788
2020,39,"PR","Outras Respiratórias",81,67.6666666666667,16.3310557546583,58.390308661788
2020,39,"RS","Outras Respiratórias",98,45.8469387755102,16.3310557546583,58.390308661788
2020,39,"SC","Influenza",19,78,16.3310557546583,58.390308661788
2020,39,"SC","Outras Respiratórias",50,77.4,16.3310557546583,58.390308661788
2020,40,"PR","Outras Respiratórias",102,56.5,17.5805599273093,61.1805795418734
2020,40,"RS","Influenza",8,63,17.5805599273093,61.1805795418734
2020,40,"RS","Outras Respiratórias",82,46.3048780487805,17.5805599273093,61.1805795418734
2020,40,"SC","Outras Respiratórias",58,72.8103448275862,17.5805599273093,61.1805795418734
2020,41,"PR","Influenza",9,52,20.2564569187059,63.6310906421602
2020,41,"PR","Outras Respiratórias",73,59.6986301369863,20.2564569187059,63.6310906421602
2020,41,"RS","Influenza",24,97.5833333333333,20.2564569187059,63.6310906421602
2020,41,"RS","Outras Respiratórias",66,68.2272727272727,20.2564569187059,63.6310906421602
2020,41,"SC","Influenza",8,2,20.2564569187059,63.6310906421602
2020,41,"SC","Outras Respiratórias",44,54.5454545454545,20.2564569187059,63.6310906421602
2020,42,"PR","Outras Respiratórias",84,61.8214285714286,19.8895589290543,61.0989129082947
2020,42,"RS","Influenza",7,73,19.8895589290543,61.0989129082947
2020,42,"RS","Outras Respiratórias",74,81.0945945945946,19.8895589290543,61.0989129082947
2020,42,"SC","Outras Respiratórias",55,45.9090909090909,19.8895589290543,61.0989129082947
2020,43,"PR","Outras Respiratórias",88,56.0113636363636,21.8296661598055,62.4185189868228
2020,43,"RS","Influenza",17,86,21.8296661598055,62.4185189868228
2020,43,"RS","Outras Respiratórias",86,80.8604651162791,21.8296661598055,62.4185189868228
2020,43,"SC","Influenza",21,49.0476190476191,21.8296661598055,62.4185189868228
2020,43,"SC","Outras Respiratórias",34,40.2647058823529,21.8296661598055,62.4185189868228
2020,44,"PR","Outras Respiratórias",104,48.625,19.78290135917,56.2776954514411
2020,44,"RS","Outras Respiratórias",81,79.6543209876543,19.78290135917,56.2776954514411
2020,44,"SC","Influenza",8,86,19.78290135917,56.2776954514411
2020,44,"SC","Outras Respiratórias",58,47.6896551724138,19.78290135917,56.2776954514411
2020,45,"PR","Outras Respiratórias",68,61.1176470588235,24.2059189522331,62.9864758829067
2020,45,"RS","Influenza",8,52,24.2059189522331,62.9864758829067
2020,45,"RS","Outras Respiratórias",61,62.5737704918033,24.2059189522331,62.9864758829067
2020,45,"SC","Influenza",7,52.5714285714286,24.2059189522331,62.9864758829067
2020,45,"SC","Outras Respiratórias",30,61.3,24.2059189522331,62.9864758829067
2020,46,"PR","Outras Respiratórias",76,63.2236842105263,23.6025506926356,67.498579161214
2020,46,"RS","Influenza",7,39,23.6025506926356,67.498579161214
2020,46,"RS","Outras Respiratórias",54,66.7407407407407,23.6025506926356,67.498579161214
2020,46,"SC","Outras Respiratórias",41,45.9512195121951,23.6025506926356,67.498579161214
2020,47,"PR","Outras Respiratórias",64,56.421875,24.3893244018979,68.694049488637
2020,47,"RS","Influenza",13,93.8461538461538,24.3893244018979,68.694049488637
2020,47,"RS","Outras Respiratórias",39,61.2820512820513,24.3893244018979,68.694049488637
2020,47,"SC","Outras Respiratórias",35,50.4571428571429,24.3893244018979,68.694049488637
2020,48,"PR","Influenza",22,74,23.2158902922996,65.0863653590364
2020,48,"PR","Outras Respiratórias",50,70.48,23.2158902922996,65.0863653590364
2020,48,"RS","Influenza",5,83,23.2158902922996,65.0863653590364
2020,48,"RS","Outras Respiratórias",49,75.5510204081633,23.2158902922996,65.0863653590364
2020,48,"SC","Influenza",7,52.7142857142857,23.2158902922996,65.0863653590364
2020,48,"SC","Outras Respiratórias",36,48.9722222222222,23.2158902922996,65.0863653590364
2020,49,"PR","Influenza",11,96,25.9619771179742,69.3964498689061
2020,49,"PR","Outras Respiratórias",35,40.6857142857143,25.9619771179742,69.3964498689061
2020,49,"RS","Outras Respiratórias",47,37.1276595744681,25.9619771179742,69.3964498689061
2020,49,"SC","Outras Respiratórias",36,48.6944444444444,25.9619771179742,69.3964498689061
2020,50,"PR","Influenza",11,72,27.8505226851944,74.8123736234687
2020,50,"PR","Outras Respiratórias",35,67.7714285714286,27.8505226851944,74.8123736234687
2020,50,"RS","Outras Respiratórias",43,78.9302325581395,27.8505226851944,74.8123736234687
2020,50,"SC","Influenza",12,96,27.8505226851944,74.8123736234687
2020,50,"SC","Outras Respiratórias",23,60.0434782608696,27.8505226851944,74.8123736234687
2020,51,"PR","Outras Respiratórias",53,60.0566037735849,28.2844740333773,70.5563682175177
2020,51,"RS","Influenza",8,43,28.2844740333773,70.5563682175177
2020,51,"RS","Outras Respiratórias",26,66.2307692307692,28.2844740333773,70.5563682175177
2020,51,"SC","Influenza",1,84,28.2844740333773,70.5563682175177
2020,51,"SC","Outras Respiratórias",30,47.0666666666667,28.2844740333773,70.5563682175177
2020,52,"PR","Outras Respiratórias",56,39.6785714285714,27.2713967377528,72.1804758806813
2020,52,"RS","Outras Respiratórias",35,43.5714285714286,27.2713967377528,72.1804758806813
2020,52,"SC","Influenza",8,81.5,27.2713967377528,72.1804758806813
2020,52,"SC","Outras Respiratórias",29,49.1379310344828,27.2713967377528,72.1804758806813
2020,53,"PR","Outras Respiratórias",38,62.2631578947368,27.2231154287906,69.105413621866
2020,53,"RS","Influenza",4,99,27.2231154287906,69.105413621866
2020,53,"RS","Outras Respiratórias",36,50.9166666666667,27.2231154287906,69.105413621866
2020,53,"SC","Outras Respiratórias",23,81.695652173913,27.2231154287906,69.105413621866
2021,1,"PR","Outras Respiratórias",30,56.5333333333333,27.7220309211526,77.360148371454
2021,1,"RS","Outras Respiratórias",30,60.7333333333333,27.7220309211526,77.360148371454
2021,1,"SC","Outras Respiratórias",31,61.1612903225806,27.7220309211526,77.360148371454
2021,2,"PR","Outras Respiratórias",45,61.0444444444444,27.0601283634341,75.6530981481271
2021,2,"RS","Outras Respiratórias",35,54.9714285714286,27.0601283634341,75.6530981481271
2021,2,"SC","Influenza",10,45.2,27.0601283634341,75.6530981481271
2021,2,"SC","Outras Respiratórias",17,69.9411764705882,27.0601283634341,75.6530981481271
2021,3,"PR","Outras Respiratórias",40,25.675,28.2435040158097,79.9133844813851
2021,3,"RS","Outras Respiratórias",40,44.45,28.2435040158097,79.9133844813851
2021,3,"SC","Influenza",6,80,28.2435040158097,79.9133844813851
2021,3,"SC","Outras Respiratórias",25,82.48,28.2435040158097,79.9133844813851
2021,4,"PR","Influenza",6,75,27.2196587547095,73.0664141509801
2021,4,"PR","Outras Respiratórias",31,45.3870967741936,27.2196587547095,73.0664141509801
2021,4,"RS","Influenza",7,29.5714285714286,27.2196587547095,73.0664141509801
2021,4,"RS","Outras Respiratórias",26,52.1923076923077,27.2196587547095,73.0664141509801
2021,4,"SC","Outras Respiratórias",27,59.6666666666667,27.2196587547095,73.0664141509801
2021,5,"PR","Influenza",6,99,26.4363709496882,80.3959016807784
2021,5,"PR","Outras Respiratórias",39,70.8205128205128,26.4363709496882,80.3959016807784
2021,5,"RS","Outras Respiratórias",46,35.2391304347826,26.4363709496882,80.3959016807784
2021,5,"SC","Influenza",5,60,26.4363709496882,80.3959016807784
2021,5,"SC","Outras Respiratórias",30,67.3333333333333,26.4363709496882,80.3959016807784
2021,6,"PR","Outras Respiratórias",37,58.6486486486486,25.4293260921025,78.6048544901179
2021,6,"RS","Outras Respiratórias",38,72.7105263157895,25.4293260921025,78.6048544901179
2021,6,"SC","Influenza",4,23,25.4293260921025,78.6048544901179
2021,6,"SC","Outras Respiratórias",16,36.125,25.4293260921025,78.6048544901179
2021,7,"PR","Outras Respiratórias",47,53.8510638297872,26.0915896117474,81.8020857696015
2021,7,"RS","Outras Respiratórias",50,74.14,26.0915896117474,81.8020857696015
2021,7,"SC","Outras Respiratórias",39,67.3589743589744,26.0915896117474,81.8020857696015
2021,8,"PR","Influenza",7,40,25.8397097962222,78.8736418340599
2021,8,"PR","Outras Respiratórias",47,69.5744680851064,25.8397097962222,78.8736418340599
2021,8,"RS","Influenza",4,60,25.8397097962222,78.8736418340599
2021,8,"RS","Outras Respiratórias",39,62.4358974358974,25.8397097962222,78.8736418340599
2021,8,"SC","Influenza",3,14,25.8397097962222,78.8736418340599
2021,8,"SC","Outras Respiratórias",29,42.7586206896552,25.8397097962222,78.8736418340599
2021,9,"PR","Outras Respiratórias",62,67.2258064516129,24.4968258444048,80.8541527838204
2021,9,"RS","Influenza",14,68,24.4968258444048,80.8541527838204
2021,9,"RS","Outras Respiratórias",44,57.0909090909091,24.4968258444048,80.8541527838204
2021,9,"SC","Influenza",14,44.7142857142857,24.4968258444048,80.8541527838204
2021,9,"SC","Outras Respiratórias",30,51.4666666666667,24.4968258444048,80.8541527838204
2021,10,"PR","Outras Respiratórias",60,56.6,23.3931447051553,81.1710188251718
2021,10,"RS","Influenza",5,17,23.3931447051553,81.1710188251718
2021,10,"RS","Outras Respiratórias",51,76.3529411764706,23.3931447051553,81.1710188251718
2021,10,"SC","Outras Respiratórias",46,68.7391304347826,23.3931447051553,81.1710188251718
2021,11,"PR","Outras Respiratórias",60,32.2,23.7016683433649,79.9557232918343
2021,11,"RS","Outras Respiratórias",62,69.5322580645161,23.7016683433649,79.9557232918343
2021,11,"SC","Influenza",5,77,23.7016683433649,79.9557232918343
2021,11,"SC","Outras Respiratórias",40,50.3,23.7016683433649,79.9557232918343
2021,12,"PR","Outras Respiratórias",68,71.3823529411765,23.4735178473863,80.1523597038526
2021,12,"RS","Outras Respiratórias",49,60.7959183673469,23.4735178473863,80.1523597038526
2021,12,"SC","Influenza",7,38.2857142857143,23.4735178473863,80.1523597038526
2021,12,"SC","Outras Respiratórias",30,62.5,23.4735178473863,80.1523597038526
2021,13,"PR","Influenza",23,91.7391304347826,22.412603225561,77.488747099095
2021,13,"PR","Outras Respiratórias",60,77.4333333333333,22.412603225561,77.488747099095
2021,13,"RS","Influenza",10,36,22.412603225561,77.488747099095
2021,13,"RS","Outras Respiratórias",55,63.1818181818182,22.412603225561,77.488747099095
2021,13,"SC","Outras Respiratórias",40,71.45,22.412603225561,77.488747099095
2021,14,"PR","Influenza",11,11,18.9520625616021,80.6267509379163
2021,14,"PR","Outras Respiratórias",78,62.0897435897436,18.9520625616021,80.6267509379163
2021,14,"RS","Outras Respiratórias",80,50.2,18.9520625616021,80.6267509379163
2021,14,"SC","Influenza",9,46,18.9520625616021,80.6267509379163
2021,14,"SC","Outras Respiratórias",42,38.3571428571429,18.9520625616021,80.6267509379163
2021,15,"PR","Outras Respiratórias",83,60.4457831325301,21.230402160794,77.990106296171
2021,15,"RS","Influenza",8,19,21.230402160794,77.990106296171
2021,15,"RS","Outras Respiratórias",62,49.8387096774194,21.230402160794,77.990106296171
2021,15,"SC","Outras Respiratórias",48,62.2916666666667,21.230402160794,77.990106296171
2021,16,"PR","Outras Respiratórias",87,51.3793103448276,21.5119407661345,77.1966831897833
2021,16,"RS","Outras Respiratórias",86,58.8488372093023,21.5119407661345,77.1966831897833
2021,16,"SC","Influenza",10,23,21.5119407661345,77.1966831897833
2021,16,"SC","Outras Respiratórias",47,19.531914893617,21.5119407661345,77.1966831897833
2021,17,"PR","Outras Respiratórias",102,66.0098039215686,18.1703923777656,77.526569409563
2021,17,"RS","Outras Respiratórias",63,47.0793650793651,18.1703923777656,77.526569409563
2021,17,"SC","Influenza",23,91.8695652173913,18.1703923777656,77.526569409563
2021,17,"SC","Outras Respiratórias",40,70.675,18.1703923777656,77.526569409563
2021,18,"PR","Influenza",18,19,14.8740918015721,75.4822933912787
2021,18,"PR","Outras Respiratórias",83,41.9759036144578,14.8740918015721,75.4822933912787
2021,18,"RS","Influenza",23,67.6521739130435,14.8740918015721,75.4822933912787
2021,18,"RS","Outras Respiratórias",50,78.86,14.8740918015721,75.4822933912787
2021,18,"SC","Outras Respiratórias",72,55.5972222222222,14.8740918015721,75.4822933912787
2021,19,"PR","Influenza",26,43.5384615384615,14.9092357459866,76.8663643630256
2021,19,"PR","Outras Respiratórias",74,73.7837837837838,14.9092357459866,76.8663643630256
2021,19,"RS","Outras Respiratórias",79,51.1392405063291,14.9092357459866,76.8663643630256
2021,19,"SC","Influenza",14,42,14.9092357459866,76.8663643630256
2021,19,"SC","Outras Respiratórias",61,66.344262295082,14.9092357459866,76.8663643630256
2021,20,"PR","Outras Respiratórias",95,56.5894736842105,14.6570285552436,74.1545938747106
2021,20,"RS","Influenza",28,24,14.6570285552436,74.1545938747106
2021,20,"RS","Outras Respiratórias",76,49.6052631578947,14.6570285552436,74.1545938747106
2021,20,"SC","Influenza",10,44,14.6570285552436,74.1545938747106
2021,20,"SC","Outras Respiratórias",58,56.9310344827586,14.6570285552436,74.1545938747106
2021,21,"PR","Influenza",33,87,16.5698256025379,77.711082005561
2021,21,"PR","Outras Respiratórias",87,65.6551724137931,16.5698256025379,77.711082005561
2021,21,"RS","Influenza",15,81,16.5698256025379,77.711082005561
2021,21,"RS","Outras Respiratórias",82,40.0365853658537,16.5698256025379,77.711082005561
2021,21,"SC","Influenza",20,21.8,16.5698256025379,77.711082005561
2021,21,"SC","Outras Respiratórias",49,65.6938775510204,16.5698256025379,77.711082005561
2021,22,"PR","Influenza",31,52.5161290322581,14.093965208792,73.3212895417821
2021,22,"PR","Outras Respiratórias",77,62.1298701298701,14.093965208792,73.3212895417821
2021,22,"RS","Influenza",16,33,14.093965208792,73.3212895417821
2021,22,"RS","Outras Respiratórias",98,53.6836734693878,14.093965208792,73.3212895417821
2021,22,"SC","Influenza",27,86,14.093965208792,73.3212895417821
2021,22,"SC","Outras Respiratórias",46,55.1304347826087,14.093965208792,73.3212895417821
2021,23,"PR","Outras Respiratórias",115,51.7391304347826,12.823164611496,70.1968307177372
2021,23,"RS","Influenza",12,5,12.823164611496,70.1968307177372
2021,23,"RS","Outras Respiratórias",85,57.6705882352941,12.823164611496,70.1968307177372
2021,23,"SC","Outras Respiratórias",87,50.1034482758621,12.823164611496,70.1968307177372
2021,24,"PR","Outras Respiratórias",116,70.9568965517241,12.4735617288217,72.5119873645603
2021,24,"RS","Outras Respiratórias",123,70.6910569105691,12.4735617288217,72.5119873645603
2021,24,"SC","Influenza",8,85,12.4735617288217,72.5119873645603
2021,24,"SC","Outras Respiratórias",73,32.9178082191781,12.4735617288217,72.5119873645603
2021,25,"PR","Outras Respiratórias",119,59.8823529411765,11.0528790942662,69.4042610425185
2021,25,"RS","Influenza",10,10,11.0528790942662,69.4042610425185
2021,25,"RS","Outras Respiratórias",93,57.7204301075269,11.0528790942662,69.4042610425185
2021,25,"SC","Influenza",13,25,11.0528790942662,69.4042610425185
2021,25,"SC","Outras Respiratórias",72,43.4027777777778,11.0528790942662,69.4042610425185
2021,26,"PR","Outras Respiratórias",133,81.7894736842105,12.6116982222114,67.0372334459136
2021,26,"RS","Influenza",17,44,12.6116982222114,67.0372334459136
2021,26,"RS","Outras Respiratórias",95,61.2421052631579,12.6116982222114,67.0372334459136
2021,26,"SC","Influenza",10,90,12.6116982222114,67.0372334459136
2021,26,"SC","Outras Respiratórias",76,42.4473684210526,12.6116982222114,67.0372334459136
2021,27,"PR","Influenza",17,43,10.7766425111056,64.9948881508646
2021,27,"PR","Outras Respiratórias",89,56.9325842696629,10.7766425111056,64.9948881508646
2021,27,"RS","Influenza",23,18,10.7766425111056,64.9948881508646
2021,27,"RS","Outras Respiratórias",88,62.9886363636364,10.7766425111056,64.9948881508646
2021,27,"SC","Outras Respiratórias",79,71.9240506329114,10.7766425111056,64.9948881508646
2021,28,"PR","Outras Respiratórias",112,49.5446428571429,11.5130208957895,65.367174521738
2021,28,"RS","Outras Respiratórias",128,54.90625,11.5130208957895,65.367174521738
2021,28,"SC","Outras Respiratórias",80,68.575,11.5130208957895,65.367174521738
2021,29,"PR","Influenza",36,81.4166666666667,13.1145087308488,68.2722352342047
2021,29,"PR","Outras Respiratórias",96,58.6041666666667,13.1145087308488,68.2722352342047
2021,29,"RS","Influenza",26,88.3076923076923,13.1145087308488,68.2722352342047
2021,29,"RS","Outras Respiratórias",79,42.0506329113924,13.1145087308488,68.2722352342047
2021,29,"SC","Outras Respiratórias",70,69.9142857142857,13.1145087308488,68.2722352342047
2021,30,"PR","Outras Respiratórias",116,66.3275862068966,12.191106021999,62.5092534379184
2021,30,"RS","Influenza",16,66,12.191106021999,62.5092534379184
2021,30,"RS","Outras Respiratórias",87,89.9540229885057,12.191106021999,62.5092534379184
2021,30,"SC","Influenza",34,56.3529411764706,12.191106021999,62.5092534379184
2021,30,"SC","Outras Respiratórias",56,55.1785714285714,12.191106021999,62.5092534379184
2021,31,"PR","Outras Respiratórias",136,49.8676470588235,12.200472681688,61.4961908002761
2021,31,"RS","Outras Respiratórias",128,56.890625,12.200472681688,61.4961908002761
2021,31,"SC","Outras Respiratórias",94,58.2978723404255,12.200472681688,61.4961908002761
2021,32,"PR","Influenza",25,21,13.7316891536365,63.7749013597726
2021,32,"PR","Outras Respiratórias",87,71.5632183908046,13.7316891536365,63.7749013597726
2021,32,"RS","Outras Respiratórias",132,55.8333333333333,13.7316891536365,63.7749013597726
2021,32,"SC","Outras Respiratórias",80,64.2125,13.7316891536365,63.7749013597726
2021,33,"PR","Outras Respiratórias",104,73.6153846153846,12.1877826297016,62.6992586099624
2021,33,"RS","Influenza",12,5,12.1877826297016,62.6992586099624
2021,33,"RS","Outras Respiratórias",78,54.7564102564103,12.1877826297016,62.6992586099624
2021,33,"SC","Outras Respiratórias",82,47.1585365853659,12.1877826297016,62.6992586099624
2021,34,"PR","Outras Respiratórias",120,69.025,13.3401959572622,63.3739399241781
2021,34,"RS","Influenza",28,96.5,13.3401959572622,63.3739399241781
2021,34,"RS","Outras Respiratórias",68,69.8235294117647,13.3401959572622,63.3739399241781
2021,34,"SC","Influenza",13,94,13.3401959572622,63.3739399241781
2021,34,"SC","Outras Respiratórias",83,62.8072289156626,13.3401959572622,63.3739399241781
2021,35,"PR","Influenza",21,45,13.4284753037081,57.4175185701367
2021,35,"PR","Outras Respiratórias",106,44.5188679245283,13.4284753037081,57.4175185701367
2021,35,"RS","Outras Respiratórias",105,83.9619047619048,13.4284753037081,57.4175185701367
2021,35,"SC","Influenza",13,85,13.4284753037081,57.4175185701367
2021,35,"SC","Outras Respiratórias",50,45.52,13.4284753037081,57.4175185701367
2021,36,"PR","Influenza",9,77,15.8743243775857,61.6601706782182
2021,36,"PR","Outras Respiratórias",86,66.5697674418605,15.8743243775857,61.6601706782182
2021,36,"RS","Influenza",10,68,15.8743243775857,61.6601706782182
2021,36,"RS","Outras Respiratórias",92,71.1630434782609,15.8743243775857,61.6601706782182
2021,36,"SC","Outras Respiratórias",61,67.8524590163934,15.8743243775857,61.6601706782182
2021,37,"PR","Outras Respiratórias",111,36.1171171171171,16.4608260189562,60.1757796804311
2021,37,"RS","Outras Respiratórias",89,35.4831460674157,16.4608260189562,60.1757796804311
2021,37,"SC","Outras Respiratórias",79,53.2025316455696,16.4608260189562,60.1757796804311
2021,38,"PR","Influenza",13,6,16.2573451964209,60.0302501300619
2021,38,"PR","Outras Respiratórias",93,36.5161290322581,16.2573451964209,60.0302501300619
2021,38,"RS","Influenza",35,8.14285714285714,16.2573451964209,60.0302501300619
2021,38,"RS","Outras Respiratórias",77,55.4545454545455,16.2573451964209,60.0302501300619
2021,38,"SC","Influenza",10,40,16.2573451964209,60.0302501300619
2021,38,"SC","Outras Respiratórias",50,75.22,16.2573451964209,60.0302501300619
2021,39,"PR","Influenza",17,89,17.0367109174943,61.5060615810349
2021,39,"PR","Outras Respiratórias",81,49.1358024691358,17.0367109174943,61.5060615810349
2021,39,"RS","Outras Respiratórias",99,48.9090909090909,17.0367109174943,61.5060615810349
2021,39,"SC","Outras Respiratórias",60,42.1,17.0367109174943,61.5060615810349
2021,40,"PR","Outras Respiratórias",92,47.0652173913044,19.7274323874264,61.5884140008759
2021,40,"RS","Influenza",10,86,19.7274323874264,61.5884140008759
2021,40,"RS","Outras Respiratórias",72,52.7777777777778,19.7274323874264,61.5884140008759
2021,40,"SC","Outras Respiratórias",51,53.9803921568627,19.7274323874264,61.5884140008759
2021,41,"PR","Outras Respiratórias",68,56.1617647058824,20.4923593065493,58.6999885260976
2021,41,"RS","Outras Respiratórias",75,51.0133333333333,20.4923593065493,58.6999885260976
2021,41,"SC","Influenza",6,78,20.4923593065493,58.6999885260976
2021,41,"SC","Outras Respiratórias",48,52.7291666666667,20.4923593065493,58.6999885260976
2021,42,"PR","Outras Respiratórias",75,56.6666666666667,20.3899879725245,60.1359057036799
2021,42,"RS","Outras Respiratórias",75,59.7466666666667,20.3899879725245,60.1359057036799
2021,42,"SC","Influenza",6,77,20.3899879725245,60.1359057036799
2021,42,"SC","Outras Respiratórias",59,28,20.3899879725245,60.1359057036799
2021,43,"PR","Influenza",16,97,19.6315391127442,62.6883983503645
2021,43,"PR","Outras Respiratórias",77,64.4155844155844,19.6315391127442,62.6883983503645
2021,43,"RS","Influenza",13,68,19.6315391127442,62.6883983503645
2021,43,"RS","Outras Respiratórias",66,70.7272727272727,19.6315391127442,62.6883983503645
2021,43,"SC","Influenza",13,60,19.6315391127442,62.6883983503645
2021,43,"SC","Outras Respiratórias",48,62.3958333333333,19.6315391127442,62.6883983503645
2021,44,"PR","Influenza",9,83,23.5545416562242,63.482974861329
2021,44,"PR","Outras Respiratórias",59,56.6271186440678,23.5545416562242,63.482974861329
2021,44,"RS","Influenza",24,57.0833333333333,23.5545416562242,63.482974861329
2021,44,"RS","Outras Respiratórias",38,79.7368421052632,23.5545416562242,63.482974861329
2021,44,"SC","Outras Respiratórias",49,68.9591836734694,23.5545416562242,63.482974861329
2021,45,"PR","Influenza",19,59.1578947368421,23.1132860739506,67.7936202673421
2021,45,"PR","Outras Respiratórias",44,66.3409090909091,23.1132860739506,67.7936202673421
2021,45,"RS","Influenza",15,63.8,23.1132860739506,67.7936202673421
2021,45,"RS","Outras Respiratórias",50,46.4,23.1132860739506,67.7936202673421
2021,45,"SC","Influenza",12,84.0833333333333,23.1132860739506,67.7936202673421
2021,45,"SC","Outras Respiratórias",35,53.9714285714286,23.1132860739506,67.7936202673421
2021,46,"PR","Influenza",22,50.8181818181818,23.7004189945378,62.2612839236765
2021,46,"PR","Outras Respiratórias",42,28.952380952381,23.7004189945378,62.2612839236765
2021,46,"RS","Outras Respiratórias",57,64.8947368421053,23.7004189945378,62.2612839236765
2021,46,"SC","Outras Respiratórias",38,60.0789473684211,23.7004189945378,62.2612839236765
2021,47,"PR","Outras Respiratórias",69,52.0434782608696,24.101950031354,66.0063459802522
2021,47,"RS","Outras Respiratórias",65,63.9384615384615,24.101950031354,66.0063459802522
2021,47,"SC","Outras Respiratórias",49,65.734693877551,24.101950031354,66.0063459802522
2021,48,"PR","Influenza",8,80,25.7647707469236,65.4642438688549
2021,48,"PR","Outras Respiratórias",45,50.3777777777778,25.7647707469236,65.4642438688549
2021,48,"RS","Outras Respiratórias",49,48.4897959183673,25.7647707469236,65.4642438688549
2021,48,"SC","Influenza",11,80,25.7647707469236,65.4642438688549
2021,48,"SC","Outras Respiratórias",24,40.3333333333333,25.7647707469236,65.4642438688549
2021,49,"PR","Outras Respiratórias",48,58.5625,27.2089101966887,71.3766816994136
2021,49,"RS","Outras Respiratórias",44,63.0454545454545,27.2089101966887,71.3766816994136
2021,49,"SC","Outras Respiratórias",27,58.4814814814815,27.2089101966887,71.3766816994136
2021,50,"PR","Outras Respiratórias",53,59.3396226415094,25.8708087214428,67.9628740699611
2021,50,"RS","Influenza",2,72,25.8708087214428,67.9628740699611
2021,50,"RS","Outras Respiratórias",36,32.8888888888889,25.8708087214428,67.9628740699611
2021,50,"SC","Influenza",2,44,25.8708087214428,67.9628740699611
2021,50,"SC","Outras Respiratórias",24,59.75,25.8708087214428,67.9628740699611
2021,51,"PR","Influenza",21,85.0952380952381,28.2517675809982,69.4388243639896
2021,51,"PR","Outras Respiratórias",37,65.8918918918919,28.2517675809982,69.4388243639896
2021,51,"RS","Influenza",4,86,28.2517675809982,69.4388243639896
2021,51,"RS","Outras Respiratórias",40,53.075,28.2517675809982,69.4388243639896
2021,51,"SC","Outras Respiratórias",31,60.5806451612903,28.2517675809982,69.4388243639896
2021,52,"PR","Influenza",4,10,27.3195249326322,71.875861568569
2021,52,"PR","Outras Respiratórias",26,57.2307692307692,27.3195249326322,71.875861568569
2021,52,"RS","Outras Respiratórias",44,47.2954545454545,27.3195249326322,71.875861568569
2021,52,"SC","Outras Respiratórias",39,22.8461538461538,27.3195249326322,71.875861568569
2022,1,"PR","Influenza",4,28,28.3640179317092,79.2542971644712
2022,1,"PR","Outras Respiratórias",35,53.5428571428571,28.3640179317092,79.2542971644712
2022,1,"RS","Outras Respiratórias",43,59.4418604651163,28.3640179317092,79.2542971644712
2022,1,"SC","Influenza",12,61.75,28.3640179317092,79.2542971644712
2022,1,"SC","Outras Respiratórias",12,63.1666666666667,28.3640179317092,79.2542971644712
2022,2,"PR","Outras Respiratórias",42,70.6904761904762,27.7085737888347,75.0473900213806
2022,2,"RS","Influenza",4,69,27.7085737888347,75.0473900213806
2022,2,"RS","Outras Respiratórias",28,65.1428571428571,27.7085737888347,75.0473900213806
2022,2,"SC","Outras Respiratórias",34,57.6470588235294,27.7085737888347,75.0473900213806
2022,3,"PR","Influenza",3,68,28.4288251222573,75.1917774867862
2022,3,"PR","Outras Respiratórias",40,51,28.4288251222573,75.1917774867862
2022,3,"RS","Outras Respiratórias",37,68.7027027027027,28.4288251222573,75.1917774867862
2022,3,"SC","Influenza",2,42,28.4288251222573,75.1917774867862
2022,3,"SC","Outras Respiratórias",16,47,28.4288251222573,75.1917774867862
2022,4,"PR","Influenza",2,33,27.7704313185254,77.170054309856
2022,4,"PR","Outras Respiratórias",37,63.8378378378378,27.7704313185254,77.170054309856
2022,4,"RS","Influenza",6,56,27.7704313185254,77.170054309856
2022,4,"RS","Outras Respiratórias",29,36.9655172413793,27.7704313185254,77.170054309856
2022,4,"SC","Influenza",7,58,27.7704313185254,77.170054309856
2022,4,"SC","Outras Respiratórias",26,30,27.7704313185254,77.170054309856
2022,5,"PR","Influenza",10,51,27.5254028051361,78.0950205716876
2022,5,"PR","Outras Respiratórias",30,49.2,27.5254028051361,78.0950205716876
2022,5,"RS","Influenza",8,68,27.5254028051361,78.0950205716876
2022,5,"RS","Outras Respiratórias",32,61.40625,27.5254028051361,78.0950205716876
2022,5,"SC","Influenza",7,67.2857142857143,27.5254028051361,78.0950205716876
2022,5,"SC","Outras Respiratórias",23,33.2608695652174,27.5254028051361,78.0950205716876
2022,6,"PR","Outras Respiratórias",54,64.6666666666667,27.3579248441217,80.6304764210772
2022,6,"RS","Influenza",3,44,27.3579248441217,80.6304764210772
2022,6,"RS","Outras Respiratórias",30,58.3666666666667,27.3579248441217,80.6304764210772
2022,6,"SC","Influenza",14,82.4285714285714,27.3579248441217,80.6304764210772
2022,6,"SC","Outras Respiratórias",22,77.2272727272727,27.3579248441217,80.6304764210772
2022,7,"PR","Influenza",5,0,26.9926297090019,78.6161631475602
2022,7,"PR","Outras Respiratórias",50,70.24,26.9926297090019,78.6161631475602
2022,7,"RS","Outras Respiratórias",44,54.2727272727273,26.9926297090019,78.6161631475602
2022,7,"SC","Influenza",4,63,26.9926297090019,78.6161631475602
2022,7,"SC","Outras Respiratórias",37,79.945945945946,26.9926297090019,78.6161631475602
2022,8,"PR","Influenza",11,86,26.7135465035788,79.7703439101319
2022,8,"PR","Outras Respiratórias",32,49.9375,26.7135465035788,79.7703439101319
2022,8,"RS","Outras Respiratórias",41,67.390243902439,26.7135465035788,79.7703439101319
2022,8,"SC","Influenza",4,46,26.7135465035788,79.7703439101319
2022,8,"SC","Outras Respiratórias",27,81.8888888888889,26.7135465035788,79.7703439101319
2022,9,"PR","Outras Respiratórias",61,69.6393442622951,24.1900411527244,75.8026693643339
2022,9,"RS","Outras Respiratórias",65,64.8,24.1900411527244,75.8026693643339
2022,9,"SC","Influenza",6,63,24.1900411527244,75.8026693643339
2022,9,"SC","Outras Respiratórias",39,63.5384615384615,24.1900411527244,75.8026693643339
2022,10,"PR","Influenza",9,5,23.2358199580708,81.2267194686373
2022,10,"PR","Outras Respiratórias",51,48.8627450980392,23.2358199580708,81.2267194686373
2022,10,"RS","Outras Respiratórias",63,35.3968253968254,23.2358199580708,81.2267194686373
2022,10,"SC","Influenza",6,91,23.2358199580708,81.2267194686373
2022,10,"SC","Outras Respiratórias",35,49.7714285714286,23.2358199580708,81.2267194686373
2022,11,"PR","Outras Respiratórias",68,61.8088235294118,24.7288163313983,80.7536586383883
2022,11,"RS","Outras Respiratórias",67,63.6417910447761,24.7288163313983,80.7536586383883
2022,11,"SC","Influenza",11,49.8181818181818,24.7288163313983,80.7536586383883
2022,11,"SC","Outras Respiratórias",35,57.4285714285714,24.7288163313983,80.7536586383883
2022,12,"PR","Influenza",22,89,23.4350815528988,79.7501916727399
2022,12,"PR","Outras Respiratórias",38,33.3157894736842,23.4350815528988,79.7501916727399
2022,12,"RS","Outras Respiratórias",49,51.1224489795918,23.4350815528988,79.7501916727399
2022,12,"SC","Outras Respiratórias",49,31.7959183673469,23.4350815528988,79.7501916727399
2022,13,"PR","Outras Respiratórias",67,61.4179104477612,23.04273783134,77.6550294280213
2022,13,"RS","Influenza",9,93,23.04273783134,77.6550294280213
2022,13,"RS","Outras Respiratórias",56,74.0178571428571,23.04273783134,77.6550294280213
2022,13,"SC","Influenza",5,59,23.04273783134,77.6550294280213
2022,13,"SC","Outras Respiratórias",39,72.6153846153846,23.04273783134,77.6550294280213
2022,14,"PR","Influenza",13,97,20.0233259481932,79.889113999245
2022,14,"PR","Outras Respiratórias",76,73.5,20.0233259481932,79.889113999245
2022,14,"RS","Outras Respiratórias",76,32.1447368421053,20.0233259481932,79.889113999245
2022,14,"SC","Influenza",15,88.8,20.0233259481932,79.889113999245
2022,14,"SC","Outras Respiratórias",38,45.7105263157895,20.0233259481932,79.889113999245
2022,15,"PR","Outras Respiratórias",81,45.7037037037037,19.862362542198,79.7897522157367
2022,15,"RS","Influenza",7,59,19.862362542198,79.7897522157367
2022,15,"RS","Outras Respiratórias",68,44.9558823529412,19.862362542198,79.7897522157367
2022,15,"SC","Outras Respiratórias",49,59.2857142857143,19.862362542198,79.7897522157367
2022,16,"PR","Outras Respiratórias",89,53.6404494382022,20.3684086086637,77.8358298787069
2022,16,"RS","Influenza",12,86,20.3684086086637,77.8358298787069
2022,16,"RS","Outras Respiratórias",73,42.5616438356164,20.3684086086637,77.8358298787069
2022,16,"SC","Influenza",7,70,20.3684086086637,77.8358298787069
2022,16,"SC","Outras Respiratórias",53,59.188679245283,20.3684086086637,77.8358298787069
2022,17,"PR","Influenza",22,38.5,21.7532746035432,78.1426225224599
2022,17,"PR","Outras Respiratórias",54,60.4074074074074,21.7532746035432,78.1426225224599
2022,17,"RS","Influenza",18,64,21.7532746035432,78.1426225224599
2022,17,"RS","Outras Respiratórias",53,57.5094339622642,21.7532746035432,78.1426225224599
2022,17,"SC","Influenza",16,20.0625,21.7532746035432,78.1426225224599
2022,17,"SC","Outras Respiratórias",45,79.5333333333333,21.7532746035432,78.1426225224599
2022,18,"PR","Influenza",46,66.804347826087,16.7033433126032,77.1615861938352
2022,18,"PR","Outras Respiratórias",41,91.6585365853659,16.7033433126032,77.1615861938352
2022,18,"RS","Influenza",28,77.0357142857143,16.7033433126032,77.1615861938352
2022,18,"RS","Outras Respiratórias",83,80.8072289156626,16.7033433126032,77.1615861938352
2022,18,"SC","Influenza",14,31,16.7033433126032,77.1615861938352
2022,18,"SC","Outras Respiratórias",56,63.1964285714286,16.7033433126032,77.1615861938352
2022,19,"PR","Influenza",22,62,15.8029193172079,74.337476010953
2022,19,"PR","Outras Respiratórias",97,75.1443298969072,15.8029193172079,74.337476010953
2022,19,"RS","Influenza",42,74.7142857142857,15.8029193172079,74.337476010953
2022,19,"RS","Outras Respiratórias",63,77.6825396825397,15.8029193172079,74.337476010953
2022,19,"SC","Influenza",10,90,15.8029193172079,74.337476010953
2022,19,"SC","Outras Respiratórias",45,66.6444444444444,15.8029193172079,74.337476010953
2022,20,"PR","Outras Respiratórias",106,74.0283018867924,16.739696224484,75.8584359342577
2022,20,"RS","Outras Respiratórias",80,51.85,16.739696224484,75.8584359342577
2022,20,"SC","Influenza",21,58.3333333333333,16.739696224484,75.8584359342577
2022,20,"SC","Outras Respiratórias",35,53.6571428571429,16.739696224484,75.8584359342577
2022,21,"PR","Influenza",12,70,15.9614295381355,73.6600671564428
2022,21,"PR","Outras Respiratórias",85,51.0117647058824,15.9614295381355,73.6600671564428
2022,21,"RS","Outras Respiratórias",94,45.531914893617,15.9614295381355,73.6600671564428
2022,21,"SC","Influenza",11,38,15.9614295381355,73.6600671564428
2022,21,"SC","Outras Respiratórias",69,64.0144927536232,15.9614295381355,73.6600671564428
2022,22,"PR","Influenza",28,51.5,15.5015567907703,72.3035900554925
2022,22,"PR","Outras Respiratórias",71,53.0422535211268,15.5015567907703,72.3035900554925
2022,22,"RS","Outras Respiratórias",114,68.4298245614035,15.5015567907703,72.3035900554925
2022,22,"SC","Outras Respiratórias",79,64.7594936708861,15.5015567907703,72.3035900554925
2022,23,"PR","Influenza",12,92,12.4849392354904,70.4084770471306
2022,23,"PR","Outras Respiratórias",101,51.6633663366337,12.4849392354904,70.4084770471306
2022,23,"RS","Influenza",37,85.8648648648649,12.4849392354904,70.4084770471306
2022,23,"RS","Outras Respiratórias",86,65.9883720930233,12.4849392354904,70.4084770471306
2022,23,"SC","Influenza",13,69,12.4849392354904,70.4084770471306
2022,23,"SC","Outras Respiratórias",68,54.7941176470588,12.4849392354904,70.4084770471306
2022,24,"PR","Outras Respiratórias",108,64.1759259259259,12.3295484503619,68.9699464108178
2022,24,"RS","Influenza",44,64,12.3295484503619,68.9699464108178
2022,24,"RS","Outras Respiratórias",89,83.2022471910112,12.3295484503619,68.9699464108178
2022,24,"SC","Outras Respiratórias",84,55.9166666666667,12.3295484503619,68.9699464108178
2022,25,"PR","Outras Respiratórias",118,62.8983050847458,13.2870783829107,66.3010216556952
2022,25,"RS","Outras Respiratórias",104,48.7115384615385,13.2870783829107,66.3010216556952
2022,25,"SC","Influenza",37,30.4054054054054,13.2870783829107,66.3010216556952
2022,25,"SC","Outras Respiratórias",42,43.7619047619048,13.2870783829107,66.3010216556952
2022,26,"PR","Influenza",24,97,12.6101924116627,66.3357634681976
2022,26,"PR","Outras Respiratórias",95,76.3789473684211,12.6101924116627,66.3357634681976
2022,26,"RS","Outras Respiratórias",90,66.8555555555556,12.6101924116627,66.3357634681976
2022,26,"SC","Outras Respiratórias",78,56,12.6101924116627,66.3357634681976
2022,27,"PR","Outras Respiratórias",119,55.8403361344538,12.1504163171933,64.723381981624
2022,27,"RS","Influenza",12,66,12.1504163171933,64.723381981624
2022,27,"RS","Outras Respiratórias",86,47.2093023255814,12.1504163171933,64.723381981624
2022,27,"SC","Outras Respiratórias",75,59.4533333333333,12.1504163171933,64.723381981624
2022,28,"PR","Outras Respiratórias",155,49.5354838709677,13.5162381763522,65.0810088452073
2022,28,"RS","Outras Respiratórias",94,73.5531914893617,13.5162381763522,65.0810088452073
2022,28,"SC","Outras Respiratórias",68,73.3970588235294,13.5162381763522,65.0810088452073
2022,29,"PR","Outras Respiratórias",118,67.4576271186441,12.410681724797,64.9326821550196
2022,29,"RS","Outras Respiratórias",113,51.3716814159292,12.410681724797,64.9326821550196
2022,29,"SC","Outras Respiratórias",81,62.6049382716049,12.410681724797,64.9326821550196
2022,30,"PR","Outras Respiratórias",141,60.8156028368794,13.2913088109559,62.7029173972078
2022,30,"RS","Outras Respiratórias",105,55.7904761904762,13.2913088109559,62.7029173972078
2022,30,"SC","Influenza",23,74.3913043478261,13.2913088109559,62.7029173972078
2022,30,"SC","Outras Respiratórias",46,50.5434782608696,13.2913088109559,62.7029173972078
2022,31,"PR","Outras Respiratórias",121,53.2727272727273,13.2984538499325,61.6851101574963
2022,31,"RS","Influenza",42,79.8571428571429,13.2984538499325,61.6851101574963
2022,31,"RS","Outras Respiratórias",83,56.8072289156626,13.2984538499325,61.6851101574963
2022,31,"SC","Outras Respiratórias",87,52.448275862069,13.2984538499325,61.6851101574963
2022,32,"PR","Outras Respiratórias",128,69.7890625,13.985832806729,62.6815939769155
2022,32,"RS","Influenza",14,86,13.985832806729,62.6815939769155
2022,32,"RS","Outras Respiratórias",95,61.1263157894737,13.985832806729,62.6815939769155
2022,32,"SC","Influenza",9,38,13.985832806729,62.6815939769155
2022,32,"SC","Outras Respiratórias",69,33.1159420289855,13.985832806729,62.6815939769155
2022,33,"PR","Outras Respiratórias",123,40.0894308943089,13.1226851392813,59.5010984282885
2022,33,"RS","Influenza",43,68.7906976744186,13.1226851392813,59.5010984282885
2022,33,"RS","Outras Respiratórias",71,56.9154929577465,13.1226851392813,59.5010984282885
2022,33,"SC","Outras Respiratórias",95,66.1473684210526,13.1226851392813,59.5010984282885
2022,34,"PR","Influenza",19,68,13.3026161924069,58.8219054171128
2022,34,"PR","Outras Respiratórias",107,59.0467289719626,13.3026161924069,58.8219054171128
2022,34,"RS","Influenza",34,70.5,13.3026161924069,58.8219054171128
2022,34,"RS","Outras Respiratórias",71,54.8169014084507,13.3026161924069,58.8219054171128
2022,34,"SC","Influenza",14,90,13.3026161924069,58.8219054171128
2022,34,"SC","Outras Respiratórias",71,57.4084507042254,13.3026161924069,58.8219054171128
2022,35,"PR","Outras Respiratórias",88,56.2386363636364,15.2521748438458,56.648965865781
2022,35,"RS","Influenza",21,5,15.2521748438458,56.648965865781
2022,35,"RS","Outras Respiratórias",77,43.038961038961,15.2521748438458,56.648965865781
2022,35,"SC","Outras Respiratórias",74,64.3648648648649,15.2521748438458,56.648965865781
2022,36,"PR","Influenza",32,34.15625,17.7256664996065,56.5641964367673
2022,36,"PR","Outras Respiratórias",50,64.88,17.7256664996065,56.5641964367673
2022,36,"RS","Outras Respiratórias",92,54.6413043478261,17.7256664996065,56.5641964367673
2022,36,"SC","Outras Respiratórias",84,64.1904761904762,17.7256664996065,56.5641964367673
2022,37,"PR","Outras Respiratórias",113,80.3008849557522,16.0560435698802,57.9063269940242
2022,37,"RS","Influenza",16,63,16.0560435698802,57.9063269940242
2022,37,"RS","Outras Respiratórias",84,58.0476190476191,16.0560435698802,57.9063269940242
2022,37,"SC","Influenza",15,12.6,16.0560435698802,57.9063269940242
2022,37,"SC","Outras Respiratórias",51,61.8627450980392,16.0560435698802,57.9063269940242
2022,38,"PR","Outras Respiratórias",108,42.8518518518519,14.7178956036374,59.8722805053575
2022,38,"RS","Outras Respiratórias",94,55.7978723404255,14.7178956036374,59.8722805053575
2022,38,"SC","Influenza",10,88,14.7178956036374,59.8722805053575
2022,38,"SC","Outras Respiratórias",64,66.078125,14.7178956036374,59.8722805053575
2022,39,"PR","Outras Respiratórias",96,54.9791666666667,15.8128373698493,57.2024369614338
2022,39,"RS","Influenza",24,95,15.8128373698493,57.2024369614338
2022,39,"RS","Outras Respiratórias",73,52.7123287671233,15.8128373698493,57.2024369614338
2022,39,"SC","Outras Respiratórias",65,64.2461538461538,15.8128373698493,57.2024369614338
2022,40,"PR","Influenza",9,83,19.5267608051939,61.8476088341617
2022,40,"PR","Outras Respiratórias",79,65.0506329113924,19.5267608051939,61.8476088341617
2022,40,"RS","Outras Respiratórias",74,35.2432432432432,19.5267608051939,61.8476088341617
2022,40,"SC","Influenza",12,73,19.5267608051939,61.8476088341617
2022,40,"SC","Outras Respiratórias",41,46.9756097560976,19.5267608051939,61.8476088341617
2022,41,"PR","Influenza",7,89,20.4690705006675,63.751848987147
2022,41,"PR","Outras Respiratórias",78,62.3589743589744,20.4690705006675,63.751848987147
2022,41,"RS","Outras Respiratórias",74,58.9324324324324,20.4690705006675,63.751848987147
2022,41,"SC","Influenza",7,24,20.4690705006675,63.751848987147
2022,41,"SC","Outras Respiratórias",51,71.0196078431373,20.4690705006675,63.751848987147
2022,42,"PR","Influenza",29,52.6206896551724,20.652493716333,59.569933699801
2022,42,"PR","Outras Respiratórias",57,53.6491228070175,20.652493716333,59.569933699801
2022,42,"RS","Outras Respiratórias",74,51.8783783783784,20.652493716333,59.569933699801
2022,42,"SC","Outras Respiratórias",55,82.5272727272727,20.652493716333,59.569933699801
2022,43,"PR","Outras Respiratórias",78,58.2692307692308,19.1632831977902,61.1434832049368
2022,43,"RS","Outras Respiratórias",59,56.135593220339,19.1632831977902,61.1434832049368
2022,43,"SC","Outras Respiratórias",45,79.6666666666667,19.1632831977902,61.1434832049368
2022,44,"PR","Outras Respiratórias",80,55.45,23.5596130284083,63.88697398434
2022,44,"RS","Outras Respiratórias",56,62.4107142857143,23.5596130284083,63.88697398434
2022,44,"SC","Influenza",5,75,23.5596130284083,63.88697398434
2022,44,"SC","Outras Respiratórias",31,55.5161290322581,23.5596130284083,63.88697398434
2022,45,"PR","Influenza",23,56.2608695652174,24.2429970747628,67.6168966907466
2022,45,"PR","Outras Respiratórias",43,78.1162790697674,24.2429970747628,67.6168966907466
2022,45,"RS","Outras Respiratórias",58,38.8965517241379,24.2429970747628,67.6168966907466
2022,45,"SC","Influenza",5,85,24.2429970747628,67.6168966907466
2022,45,"SC","Outras Respiratórias",49,49.8163265306122,24.2429970747628,67.6168966907466
2022,46,"PR","Outras Respiratórias",50,61.7,24.0727526525072,66.5777916414074
2022,46,"RS","Outras Respiratórias",62,57.3064516129032,24.0727526525072,66.5777916414074
2022,46,"SC","Outras Respiratórias",52,66.0576923076923,24.0727526525072,66.5777916414074
2022,47,"PR","Outras Respiratórias",74,52.4054054054054,24.556050890025,65.018282044367
2022,47,"RS","Outras Respiratórias",57,49.3859649122807,24.556050890025,65.018282044367
2022,47,"SC","Outras Respiratórias",57,69.3859649122807,24.556050890025,65.018282044367
2022,48,"PR","Outras Respiratórias",56,36.8035714285714,25.9606367989457,66.7762855308232
2022,48,"RS","Influenza",19,67.2631578947368,25.9606367989457,66.7762855308232
2022,48,"RS","Outras Respiratórias",31,68.3870967741936,25.9606367989457,66.7762855308232
2022,48,"SC","Outras Respiratórias",36,72.6388888888889,25.9606367989457,66.7762855308232
2022,49,"PR","Outras Respiratórias",61,52.3606557377049,26.1498806478096,69.9509038454409
2022,49,"RS","Outras Respiratórias",37,68.8378378378378,26.1498806478096,69.9509038454409
2022,49,"SC","Influenza",2,1,26.1498806478096,69.9509038454409
2022,49,"SC","Outras Respiratórias",21,72.4285714285714,26.1498806478096,69.9509038454409
2022,50,"PR","Outras Respiratórias",44,57.9772727272727,25.8638919138632,70.1112582569356
2022,50,"RS","Outras Respiratórias",41,74.5853658536585,25.8638919138632,70.1112582569356
2022,50,"SC","Outras Respiratórias",34,70.7058823529412,25.8638919138632,70.1112582569356
2022,51,"PR","Influenza",9,84,27.1899285836162,68.356113793323
2022,51,"PR","Outras Respiratórias",48,61.1666666666667,27.1899285836162,68.356113793323
2022,51,"RS","Outras Respiratórias",39,70.1794871794872,27.1899285836162,68.356113793323
2022,51,"SC","Influenza",5,58,27.1899285836162,68.356113793323
2022,51,"SC","Outras Respiratórias",21,55.3333333333333,27.1899285836162,68.356113793323
2022,52,"PR","Outras Respiratórias",49,43.5510204081633,27.5653047941737,70.5540146959693
2022,52,"RS","Outras Respiratórias",49,42.6734693877551,27.5653047941737,70.5540146959693
2022,52,"SC","Outras Respiratórias",22,63.2727272727273,27.5653047941737,70.5540146959693
2023,1,"PR","Influenza",15,73.6666666666667,28.5283657380934,73.6440861535881
2023,1,"PR","Outras Respiratórias",31,68.1290322580645,28.5283657380934,73.6440861535881
2023,1,"RS","Influenza",12,60,28.5283657380934,73.6440861535881
2023,1,"RS","Outras Respiratórias",24,46.6666666666667,28.5283657380934,73.6440861535881
2023,1,"SC","Influenza",6,40,28.5283657380934,73.6440861535881
2023,1,"SC","Outras Respiratórias",18,60.8888888888889,28.5283657380934,73.6440861535881
2023,2,"PR","Influenza",5,0,27.908850000463,78.0871816118091
2023,2,"PR","Outras Respiratórias",33,74.6060606060606,27.908850000463,78.0871816118091
2023,2,"RS","Influenza",4,2,27.908850000463,78.0871816118091
2023,2,"RS","Outras Respiratórias",43,83.3255813953488,27.908850000463,78.0871816118091
2023,2,"SC","Outras Respiratórias",24,47.2916666666667,27.908850000463,78.0871816118091
2023,3,"PR","Outras Respiratórias",28,73.4642857142857,27.7120305872105,76.7300494071085
2023,3,"RS","Outras Respiratórias",40,52.825,27.7120305872105,76.7300494071085
2023,3,"SC","Outras Respiratórias",21,68.3809523809524,27.7120305872105,76.7300494071085
2023,4,"PR","Influenza",7,49,27.44780295294,77.2956988899465
2023,4,"PR","Outras Respiratórias",32,58.25,27.44780295294,77.2956988899465
2023,4,"RS","Outras Respiratórias",30,51.5666666666667,27.44780295294,77.2956988899465
2023,4,"SC","Influenza",10,61.4,27.44780295294,77.2956988899465
2023,4,"SC","Outras Respiratórias",12,72.75,27.44780295294,77.2956988899465
2023,5,"PR","Influenza",6,51,27.0477867476936,77.3815823341674
2023,5,"PR","Outras Respiratórias",32,45.875,27.0477867476936,77.3815823341674
2023,5,"RS","Influenza",4,84,27.0477867476936,77.3815823341674
2023,5,"RS","Outras Respiratórias",42,53.4047619047619,27.0477867476936,77.3815823341674
2023,5,"SC","Influenza",2,82,27.0477867476936,77.3815823341674
2023,5,"SC","Outras Respiratórias",26,68.6153846153846,27.0477867476936,77.3815823341674
2023,6,"PR","Influenza",7,12,27.7046426851338,79.8667851508463
2023,6,"PR","Outras Respiratórias",31,45.9354838709677,27.7046426851338,79.8667851508463
2023,6,"RS","Influenza",7,89.7142857142857,27.7046426851338,79.8667851508463
2023,6,"RS","Outras Respiratórias",33,62.0909090909091,27.7046426851338,79.8667851508463
2023,6,"SC","Outras Respiratórias",27,58.4074074074074,27.7046426851338,79.8667851508463
2023,7,"PR","Outras Respiratórias",53,70.0754716981132,26.773511700538,80.4272607626834
2023,7,"RS","Outras Respiratórias",42,62.8571428571429,26.773511700538,80.4272607626834
2023,7,"SC","Influenza",3,89,26.773511700538,80.4272607626834
2023,7,"SC","Outras Respiratórias",33,57.3636363636364,26.773511700538,80.4272607626834
2023,8,"PR","Outras Respiratórias",56,32.9285714285714,27.5113870024626,75.7633437811043
2023,8,"RS","Outras Respiratórias",40,57.175,27.5113870024626,75.7633437811043
2023,8,"SC","Outras Respiratórias",27,53.8888888888889,27.5113870024626,75.7633437811043
2023,9,"PR","Influenza",8,43,23.3105273967113,79.164620974574
2023,9,"PR","Outras Respiratórias",46,70.3695652173913,23.3105273967113,79.164620974574
2023,9,"RS","Influenza",7,67.4285714285714,23.3105273967113,79.164620974574
2023,9,"RS","Outras Respiratórias",27,33.6296296296296,23.3105273967113,79.164620974574
2023,9,"SC","Influenza",7,100,23.3105273967113,79.164620974574
2023,9,"SC","Outras Respiratórias",30,69.2333333333333,23.3105273967113,79.164620974574
2023,10,"PR","Influenza",12,100,24.1651979079136,79.3011805904922
2023,10,"PR","Outras Respiratórias",59,48.8305084745763,24.1651979079136,79.3011805904922
2023,10,"RS","Influenza",6,28,24.1651979079136,79.3011805904922
2023,10,"RS","Outras Respiratórias",52,65.2692307692308,24.1651979079136,79.3011805904922
2023,10,"SC","Outras Respiratórias",41,63.3170731707317,24.1651979079136,79.3011805904922
2023,11,"PR","Outras Respiratórias",66,56.1363636363636,23.6262168009648,81.2141765213314
2023,11,"RS","Influenza",7,41,23.6262168009648,81.2141765213314
2023,11,"RS","Outras Respiratórias",48,76.0416666666667,23.6262168009648,81.2141765213314
2023,11,"SC","Influenza",5,31,23.6262168009648,81.2141765213314
2023,11,"SC","Outras Respiratórias",46,54.4565217391304,23.6262168009648,81.2141765213314
2023,12,"PR","Influenza",6,77,24.5429018784122,80.4978034367245
2023,12,"PR","Outras Respiratórias",54,66.9074074074074,24.5429018784122,80.4978034367245
2023,12,"RS","Influenza",26,47.4615384615385,24.5429018784122,80.4978034367245
2023,12,"RS","Outras Respiratórias",44,35.0227272727273,24.5429018784122,80.4978034367245
2023,12,"SC","Outras Respiratórias",41,45.5365853658537,24.5429018784122,80.4978034367245
2023,13,"PR","Outras Respiratórias",78,59.6538461538462,23.4164682245902,81.6613199037027
2023,13,"RS","Influenza",7,11,23.4164682245902,81.6613199037027
2023,13,"RS","Outras Respiratórias",57,51.8421052631579,23.4164682245902,81.6613199037027
2023,13,"SC","Outras Respiratórias",30,41.7666666666667,23.4164682245902,81.6613199037027
2023,14,"PR","Outras Respiratórias",80,68.0875,19.3803698152769,80.8659110921333
2023,14,"RS","Influenza",14,96,19.3803698152769,80.8659110921333
2023,14,"RS","Outras Respiratórias",56,43.4821428571429,19.3803698152769,80.8659110921333
2023,14,"SC","Outras Respiratórias",48,69.2916666666667,19.3803698152769,80.8659110921333
2023,15,"PR","Outras Respiratórias",76,74.9210526315789,19.5573452383492,77.0138593782653
2023,15,"RS","Influenza",8,69,19.5573452383492,77.0138593782653
2023,15,"RS","Outras Respiratórias",65,38.9230769230769,19.5573452383492,77.0138593782653
2023,15,"SC","Influenza",5,96,19.5573452383492,77.0138593782653
2023,15,"SC","Outras Respiratórias",37,49.972972972973,19.5573452383492,77.0138593782653
2023,16,"PR","Influenza",9,70,20.7033678379239,80.4372539182096
2023,16,"PR","Outras Respiratórias",72,55.2083333333333,20.7033678379239,80.4372539182096
2023,16,"RS","Outras Respiratórias",84,45.6785714285714,20.7033678379239,80.4372539182096
2023,16,"SC","Outras Respiratórias",58,73.0172413793103,20.7033678379239,80.4372539182096
2023,17,"PR","Outras Respiratórias",96,45.15625,20.0077379675084,79.2133154025389
2023,17,"RS","Influenza",19,33.8421052631579,20.0077379675084,79.2133154025389
2023,17,"RS","Outras Respiratórias",54,69.1666666666667,20.0077379675084,79.2133154025389
2023,17,"SC","Influenza",5,32,20.0077379675084,79.2133154025389
2023,17,"SC","Outras Respiratórias",57,66.5614035087719,20.0077379675084,79.2133154025389
2023,18,"PR","Influenza",13,67,18.2907315005705,76.6352615757028
2023,18,"PR","Outras Respiratórias",90,62.7777777777778,18.2907315005705,76.6352615757028
2023,18,"RS","Influenza",13,23,18.2907315005705,76.6352615757028
2023,18,"RS","Outras Respiratórias",79,55.3164556962025,18.2907315005705,76.6352615757028
2023,18,"SC","Outras Respiratórias",62,58.3225806451613,18.2907315005705,76.6352615757028
2023,19,"PR","Influenza",12,76,15.0782884257154,74.5868453164963
2023,19,"PR","Outras Respiratórias",100,64.49,15.0782884257154,74.5868453164963
2023,19,"RS","Outras Respiratórias",90,69.5333333333333,15.0782884257154,74.5868453164963
2023,19,"SC","Influenza",12,1,15.0782884257154,74.5868453164963
2023,19,"SC","Outras Respiratórias",44,42.2045454545455,15.0782884257154,74.5868453164963
2023,20,"PR","Influenza",14,57,17.3757690150146,71.5836094117129
2023,20,"PR","Outras Respiratórias",99,87.3838383838384,17.3757690150146,71.5836094117129
2023,20,"RS","Influenza",12,61,17.3757690150146,71.5836094117129
2023,20,"RS","Outras Respiratórias",74,47.6756756756757,17.3757690150146,71.5836094117129
2023,20,"SC","Outras Respiratórias",88,67.9090909090909,17.3757690150146,71.5836094117129
2023,21,"PR","Outras Respiratórias",106,42.4433962264151,16.3847200181765,72.8541840060325
2023,21,"RS","Influenza",20,45.8,16.3847200181765,72.8541840060325
2023,21,"RS","Outras Respiratórias",87,64.9540229885057,16.3847200181765,72.8541840060325
2023,21,"SC","Influenza",10,19,16.3847200181765,72.8541840060325
2023,21,"SC","Outras Respiratórias",48,62.8333333333333,16.3847200181765,72.8541840060325
2023,22,"PR","Influenza",12,78,14.477457281077,70.8155592476037
2023,22,"PR","Outras Respiratórias",90,74.0111111111111,14.477457281077,70.8155592476037
2023,22,"RS","Influenza",41,32.1707317073171,14.477457281077,70.8155592476037
2023,22,"RS","Outras Respiratórias",77,46.1688311688312,14.477457281077,70.8155592476037
2023,22,"SC","Influenza",13,4,14.477457281077,70.8155592476037
2023,22,"SC","Outras Respiratórias",68,67.2058823529412,14.477457281077,70.8155592476037
2023,23,"PR","Outras Respiratórias",130,71.0384615384615,13.8752792371065,70.8161290940377
2023,23,"RS","Outras Respiratórias",98,53.3673469387755,13.8752792371065,70.8161290940377
2023,23,"SC","Influenza",37,47.9459459459459,13.8752792371065,70.8161290940377
2023,23,"SC","Outras Respiratórias",36,65.1944444444444,13.8752792371065,70.8161290940377
2023,24,"PR","Influenza",27,63.4444444444444,12.8692527567961,69.7645520314398
2023,24,"PR","Outras Respiratórias",98,72.6224489795918,12.8692527567961,69.7645520314398
2023,24,"RS","Influenza",11,16,12.8692527567961,69.7645520314398
2023,24,"RS","Outras Respiratórias",101,46.6732673267327,12.8692527567961,69.7645520314398
2023,24,"SC","Influenza",25,81.4,12.8692527567961,69.7645520314398
2023,24,"SC","Outras Respiratórias",58,20.0689655172414,12.8692527567961,69.7645520314398
2023,25,"PR","Influenza",19,97,13.3847304214036,70.6321149673375
2023,25,"PR","Outras Respiratórias",107,40.8691588785047,13.3847304214036,70.6321149673375
2023,25,"RS","Outras Respiratórias",85,48.7882352941176,13.3847304214036,70.6321149673375
2023,25,"SC","Influenza",26,25.6153846153846,13.3847304214036,70.6321149673375
2023,25,"SC","Outras Respiratórias",65,66.8461538461538,13.3847304214036,70.6321149673375
2023,26,"PR","Influenza",34,58.5,11.7693392111076,69.5154237432643
2023,26,"PR","Outras Respiratórias",79,43.3164556962025,11.7693392111076,69.5154237432643
2023,26,"RS","Influenza",17,74,11.7693392111076,69.5154237432643
2023,26,"RS","Outras Respiratórias",81,61.6913580246914,11.7693392111076,69.5154237432643
2023,26,"SC","Influenza",13,73,11.7693392111076,69.5154237432643
2023,26,"SC","Outras Respiratórias",75,65.9333333333333,11.7693392111076,69.5154237432643
2023,27,"PR","Outras Respiratórias",122,59.4590163934426,12.0080626666066,65.5444298313275
2023,27,"RS","Influenza",21,89,12.0080626666066,65.5444298313275
2023,27,"RS","Outras Respiratórias",93,71.0860215053764,12.0080626666066,65.5444298313275
2023,27,"SC","Influenza",14,50,12.0080626666066,65.5444298313275
2023,27,"SC","Outras Respiratórias",78,61.4358974358974,12.0080626666066,65.5444298313275
2023,28,"PR","Influenza",40,95,12.6911506033582,66.8637773127088
2023,28,"PR","Outras Respiratórias",90,57.3222222222222,12.6911506033582,66.8637773127088
2023,28,"RS","Influenza",13,3,12.6911506033582,66.8637773127088
2023,28,"RS","Outras Respiratórias",98,69.1020408163265,12.6911506033582,66.8637773127088
2023,28,"SC","Influenza",6,78,12.6911506033582,66.8637773127088
2023,28,"SC","Outras Respiratórias",78,56.8461538461538,12.6911506033582,66.8637773127088
2023,29,"PR","Outras Respiratórias",118,32.8135593220339,12.0919464470361,67.6468759247342
2023,29,"RS","Outras Respiratórias",126,64.4285714285714,12.0919464470361,67.6468759247342
2023,29,"SC","Outras Respiratórias",78,46.2564102564103,12.0919464470361,67.6468759247342
2023,30,"PR","Outras Respiratórias",125,42.136,11.7480987492205,63.8696657260871
2023,30,"RS","Influenza",36,49.6944444444444,11.7480987492205,63.8696657260871
2023,30,"RS","Outras Respiratórias",101,61.9009900990099,11.7480987492205,63.8696657260871
2023,30,"SC","Influenza",14,76,11.7480987492205,63.8696657260871
2023,30,"SC","Outras Respiratórias",67,82.6268656716418,11.7480987492205,63.8696657260871
2023,31,"PR","Influenza",13,49,12.5005108681184,61.2280477723356
2023,31,"PR","Outras Respiratórias",102,58.8137254901961,12.5005108681184,61.2280477723356
2023,31,"RS","Outras Respiratórias",120,74.625,12.5005108681184,61.2280477723356
2023,31,"SC","Influenza",10,91,12.5005108681184,61.2280477723356
2023,31,"SC","Outras Respiratórias",69,69.0869565217391,12.5005108681184,61.2280477723356
2023,32,"PR","Outras Respiratórias",121,78.0082644628099,13.786460710599,60.5132178288683
2023,32,"RS","Influenza",25,18,13.786460710599,60.5132178288683
2023,32,"RS","Outras Respiratórias",110,51.8272727272727,13.786460710599,60.5132178288683
2023,32,"SC","Influenza",17,81,13.786460710599,60.5132178288683
2023,32,"SC","Outras Respiratórias",59,59.3559322033898,13.786460710599,60.5132178288683
2023,33,"PR","Influenza",24,12,13.9477815608738,61.3020554678011
2023,33,"PR","Outras Respiratórias",98,68.6224489795918,13.9477815608738,61.3020554678011
2023,33,"RS","Influenza",19,58,13.9477815608738,61.3020554678011
2023,33,"RS","Outras Respiratórias",91,55.6813186813187,13.9477815608738,61.3020554678011
2023,33,"SC","Outras Respiratórias",84,58.8452380952381,13.9477815608738,61.3020554678011
2023,34,"PR","Outras Respiratórias",112,54.4732142857143,13.452016768453,62.7406462907491
2023,34,"RS","Outras Respiratórias",113,41.0176991150442,13.452016768453,62.7406462907491
2023,34,"SC","Influenza",14,76,13.452016768453,62.7406462907491
2023,34,"SC","Outras Respiratórias",78,49.8205128205128,13.452016768453,62.7406462907491
2023,35,"PR","Outras Respiratórias",114,41.3684210526316,14.8487375095573,65.2539209206625
2023,35,"RS","Influenza",12,67,14.8487375095573,65.2539209206625
2023,35,"RS","Outras Respiratórias",92,42.3478260869565,14.8487375095573,65.2539209206625
2023,35,"SC","Influenza",11,27,14.8487375095573,65.2539209206625
2023,35,"SC","Outras Respiratórias",56,67.5892857142857,14.8487375095573,65.2539209206625
2023,36,"PR","Influenza",14,86,16.3015424718898,60.3438749879247
2023,36,"PR","Outras Respiratórias",96,69.6666666666667,16.3015424718898,60.3438749879247
2023,36,"RS","Influenza",10,50,16.3015424718898,60.3438749879247
2023,36,"RS","Outras Respiratórias",86,49.5581395348837,16.3015424718898,60.3438749879247
2023,36,"SC","Influenza",8,93,16.3015424718898,60.3438749879247
2023,36,"SC","Outras Respiratórias",52,72.6923076923077,16.3015424718898,60.3438749879247
2023,37,"PR","Influenza",29,32.2758620689655,16.0569748258462,59.6004812816802
2023,37,"PR","Outras Respiratórias",66,51.1666666666667,16.0569748258462,59.6004812816802
2023,37,"RS","Influenza",18,82,16.0569748258462,59.6004812816802
2023,37,"RS","Outras Respiratórias",102,68.9803921568627,16.0569748258462,59.6004812816802
2023,37,"SC","Outras Respiratórias",84,68.8452380952381,16.0569748258462,59.6004812816802
2023,38,"PR","Outras Respiratórias",109,58.0183486238532,16.6278832139843,63.9148210035469
2023,38,"RS","Outras Respiratórias",95,62.3473684210526,16.6278832139843,63.9148210035469
2023,38,"SC","Influenza",6,62,16.6278832139843,63.9148210035469
2023,38,"SC","Outras Respiratórias",53,51.2452830188679,16.6278832139843,63.9148210035469
2023,39,"PR","Influenza",14,89,16.1884992721621,59.2328298728532
2023,39,"PR","Outras Respiratórias",82,66.7682926829268,16.1884992721621,59.2328298728532
2023,39,"RS","Outras Respiratórias",88,60.4431818181818,16.1884992721621,59.2328298728532
2023,39,"SC","Influenza",16,61.375,16.1884992721621,59.2328298728532
2023,39,"SC","Outras Respiratórias",46,62.2173913043478,16.1884992721621,59.2328298728532
2023,40,"PR","Outras Respiratórias",83,49.6867469879518,19.3479010641229,63.8764713484605
2023,40,"RS","Influenza",18,46.5,19.3479010641229,63.8764713484605
2023,40,"RS","Outras Respiratórias",57,49.1929824561403,19.3479010641229,63.8764713484605
2023,40,"SC","Outras Respiratórias",57,57.0526315789474,19.3479010641229,63.8764713484605
2023,41,"PR","Outras Respiratórias",83,49.0240963855422,20.3528664668164,64.155948835497
2023,41,"RS","Outras Respiratórias",76,69.5263157894737,20.3528664668164,64.155948835497
2023,41,"SC","Influenza",7,93,20.3528664668164,64.155948835497
2023,41,"SC","Outras Respiratórias",55,62.9818181818182,20.3528664668164,64.155948835497
2023,42,"PR","Outras Respiratórias",108,35.2592592592593,19.6875342954971,61.388901062129
2023,42,"RS","Outras Respiratórias",71,51.6056338028169,19.6875342954971,61.388901062129
2023,42,"SC","Outras Respiratórias",59,64.6271186440678,19.6875342954971,61.388901062129
2023,43,"PR","Outras Respiratórias",92,39.8586956521739,19.0287063829657,62.7139315999555
2023,43,"RS","Influenza",10,70,19.0287063829657,62.7139315999555
2023,43,"RS","Outras Respiratórias",71,47.943661971831,19.0287063829657,62.7139315999555
2023,43,"SC","Influenza",9,49,19.0287063829657,62.7139315999555
2023,43,"SC","Outras Respiratórias",46,57.5,19.0287063829657,62.7139315999555
2023,44,"PR","Outras Respiratórias",76,58.8947368421053,21.7459861144819,60.7799028240083
2023,44,"RS","Outras Respiratórias",48,66.4583333333333,21.7459861144819,60.7799028240083
2023,44,"SC","Outras Respiratórias",54,52,21.7459861144819,60.7799028240083
2023,45,"PR","Influenza",17,12,23.6007613766762,59.2955884535366
2023,45,"PR","Outras Respiratórias",45,49.9555555555556,23.6007613766762,59.2955884535366
2023,45,"RS","Influenza",8,80,23.6007613766762,59.2955884535366
2023,45,"RS","Outras Respiratórias",48,61.2291666666667,23.6007613766762,59.2955884535366
2023,45,"SC","Influenza",15,89,23.6007613766762,59.2955884535366
2023,45,"SC","Outras Respiratórias",29,48.551724137931,23.6007613766762,59.2955884535366
2023,46,"PR","Influenza",8,26,25.4471144610754,61.2100407582095
2023,46,"PR","Outras Respiratórias",55,52.0909090909091,25.4471144610754,61.2100407582095
2023,46,"RS","Influenza",4,94,25.4471144610754,61.2100407582095
2023,46,"RS","Outras Respiratórias",55,55.4909090909091,25.4471144610754,61.2100407582095
2023,46,"SC","Outras Respiratórias",61,60.2295081967213,25.4471144610754,61.2100407582095
2023,47,"PR","Influenza",19,90.2631578947368,24.2234639999586,63.5542130921802
2023,47,"PR","Outras Respiratórias",36,66.3333333333333,24.2234639999586,63.5542130921802
2023,47,"RS","Influenza",10,39,24.2234639999586,63.5542130921802
2023,47,"RS","Outras Respiratórias",48,75.25,24.2234639999586,63.5542130921802
2023,47,"SC","Outras Respiratórias",50,60.02,24.2234639999586,63.5542130921802
2023,48,"PR","Influenza",15,16,23.0255548422612,67.6499107376047
2023,48,"PR","Outras Respiratórias",42,41.4285714285714,23.0255548422612,67.6499107376047
2023,48,"RS","Outras Respiratórias",50,61.9,23.0255548422612,67.6499107376047
2023,48,"SC","Outras Respiratórias",38,56.3947368421053,23.0255548422612,67.6499107376047
2023,49,"PR","Outras Respiratórias",37,59.3513513513514,26.1898128610441,71.1374414691345
2023,49,"RS","Outras Respiratórias",45,54.0444444444444,26.1898128610441,71.1374414691345
2023,49,"SC","Influenza",7,10,26.1898128610441,71.1374414691345
2023,49,"SC","Outras Respiratórias",35,68.8857142857143,26.1898128610441,71.1374414691345
2023,50,"PR","Outras Respiratórias",56,78.625,27.006926223524,69.2001848732101
2023,50,"RS","Outras Respiratórias",38,60.8684210526316,27.006926223524,69.2001848732101
2023,50,"SC","Influenza",6,43,27.006926223524,69.2001848732101
2023,50,"SC","Outras Respiratórias",21,52.2380952380952,27.006926223524,69.2001848732101
2023,51,"PR","Influenza",5,80,26.0330328703658,69.657107950545
2023,51,"PR","Outras Respiratórias",39,62.3589743589744,26.0330328703658,69.657107950545
2023,51,"RS","Influenza",26,48.1538461538462,26.0330328703658,69.657107950545
2023,51,"RS","Outras Respiratórias",33,58.2424242424242,26.0330328703658,69.657107950545
2023,51,"SC","Outras Respiratórias",32,62.0625,26.0330328703658,69.657107950545
2023,52,"PR","Outras Respiratórias",50,45.3,25.8385115858351,69.7512451987446
2023,52,"RS","Outras Respiratórias",44,40.0454545454545,25.8385115858351,69.7512451987446
2023,52,"SC","Outras Respiratórias",32,53.125,25.8385115858351,69.7512451987446
2024,1,"PR","Influenza",15,74.0666666666667,28.5022696542118,73.5696601120398
2024,1,"PR","Outras Respiratórias",32,72.59375,28.5022696542118,73.5696601120398
2024,1,"RS","Influenza",11,55.2727272727273,28.5022696542118,73.5696601120398
2024,1,"RS","Outras Respiratórias",20,37.3,28.5022696542118,73.5696601120398
2024,1,"SC","Influenza",4,63,28.5022696542118,73.5696601120398
2024,1,"SC","Outras Respiratórias",31,58.4838709677419,28.5022696542118,73.5696601120398
2024,2,"PR","Outras Respiratórias",51,64.1176470588235,27.3261566925216,76.30303289572
2024,2,"RS","Influenza",7,87,27.3261566925216,76.30303289572
2024,2,"RS","Outras Respiratórias",36,72.5277777777778,27.3261566925216,76.30303289572
2024,2,"SC","Influenza",6,37,27.3261566925216,76.30303289572
2024,2,"SC","Outras Respiratórias",19,73.8421052631579,27.3261566925216,76.30303289572
2024,3,"PR","Influenza",10,95,27.3342446951112,71.1788582498887
2024,3,"PR","Outras Respiratórias",22,68.8636363636364,27.3342446951112,71.1788582498887
2024,3,"RS","Influenza",3,100,27.3342446951112,71.1788582498887
2024,3,"RS","Outras Respiratórias",26,54.0384615384615,27.3342446951112,71.1788582498887
2024,3,"SC","Influenza",4,46,27.3342446951112,71.1788582498887
2024,3,"SC","Outras Respiratórias",25,58.72,27.3342446951112,71.1788582498887
2024,4,"PR","Outras Respiratórias",38,62.0526315789474,28.3495504501787,75.4603758572552
2024,4,"RS","Outras Respiratórias",35,69.2571428571429,28.3495504501787,75.4603758572552
2024,4,"SC","Influenza",1,68,28.3495504501787,75.4603758572552
2024,4,"SC","Outras Respiratórias",31,53.5161290322581,28.3495504501787,75.4603758572552
2024,5,"PR","Influenza",15,58.7333333333333,27.9958576006206,73.2889883942226
2024,5,"PR","Outras Respiratórias",32,66.5625,27.9958576006206,73.2889883942226
2024,5,"RS","Influenza",3,98,27.9958576006206,73.2889883942226
2024,5,"RS","Outras Respiratórias",35,49.5714285714286,27.9958576006206,73.2889883942226
2024,5,"SC","Outras Respiratórias",28,71.7857142857143,27.9958576006206,73.2889883942226
2024,6,"PR","Influenza",14,45.2857142857143,26.1210284280506,77.9958262431843
2024,6,"PR","Outras Respiratórias",29,54.6206896551724,26.1210284280506,77.9958262431843
2024,6,"RS","Outras Respiratórias",55,37.9636363636364,26.1210284280506,77.9958262431843
2024,6,"SC","Outras Respiratórias",36,51.4722222222222,26.1210284280506,77.9958262431843
2024,7,"PR","Influenza",8,37,27.2511232462222,77.9845047541826
2024,7,"PR","Outras Respiratórias",41,74.9024390243902,27.2511232462222,77.9845047541826
2024,7,"RS","Outras Respiratórias",55,57.4,27.2511232462222,77.9845047541826
2024,7,"SC","Influenza",4,70,27.2511232462222,77.9845047541826
2024,7,"SC","Outras Respiratórias",36,54.6944444444444,27.2511232462222,77.9845047541826
2024,8,"PR","Influenza",11,7,28.2808997450335,79.9901093598313
2024,8,"PR","Outras Respiratórias",37,46.3243243243243,28.2808997450335,79.9901093598313
2024,8,"RS","Influenza",9,10.6666666666667,28.2808997450335,79.9901093598313
2024,8,"RS","Outras Respiratórias",36,59.6111111111111,28.2808997450335,79.9901093598313
2024,8,"SC","Outras Respiratórias",34,63.0588235294118,28.2808997450335,79.9901093598313
2024,9,"PR","Outras Respiratórias",65,62.3076923076923,26.0331934773834,80.6097974594801
2024,9,"RS","Outras Respiratórias",61,85.7377049180328,26.0331934773834,80.6097974594801
2024,9,"SC","Outras Respiratórias",42,45.2142857142857,26.0331934773834,80.6097974594801
2024,10,"PR","Influenza",6,84,23.7237783221471,76.500971877762
2024,10,"PR","Outras Respiratórias",52,64.5,23.7237783221471,76.500971877762
2024,10,"RS","Outras Respiratórias",74,72.445945945946,23.7237783221471,76.500971877762
2024,10,"SC","Outras Respiratórias",42,55.3809523809524,23.7237783221471,76.500971877762
2024,11,"PR","Outras Respiratórias",59,60.7627118644068,22.7359773144889,82.0938845785579
2024,11,"RS","Outras Respiratórias",60,30.75,22.7359773144889,82.0938845785579
2024,11,"SC","Influenza",8,48.5,22.7359773144889,82.0938845785579
2024,11,"SC","Outras Respiratórias",26,43.3076923076923,22.7359773144889,82.0938845785579
2024,12,"PR","Influenza",5,96,23.7998964972188,82.2633847566044
2024,12,"PR","Outras Respiratórias",51,35.0588235294118,23.7998964972188,82.2633847566044
2024,12,"RS","Influenza",21,59.3809523809524,23.7998964972188,82.2633847566044
2024,12,"RS","Outras Respiratórias",47,58.9787234042553,23.7998964972188,82.2633847566044
2024,12,"SC","Outras Respiratórias",38,25.4473684210526,23.7998964972188,82.2633847566044
2024,13,"PR","Outras Respiratórias",73,32.6986301369863,24.1471677746005,79.4648194737915
2024,13,"RS","Influenza",14,68,24.1471677746005,79.4648194737915
2024,13,"RS","Outras Respiratórias",47,55.6595744680851,24.1471677746005,79.4648194737915
2024,13,"SC","Influenza",3,88,24.1471677746005,79.4648194737915
2024,13,"SC","Outras Respiratórias",39,74.6666666666667,24.1471677746005,79.4648194737915
2024,14,"PR","Outras Respiratórias",80,54.775,21.6327467486023,80.9383329449677
2024,14,"RS","Outras Respiratórias",67,71.1940298507463,21.6327467486023,80.9383329449677
2024,14,"SC","Influenza",13,22,21.6327467486023,80.9383329449677
2024,14,"SC","Outras Respiratórias",41,66.8292682926829,21.6327467486023,80.9383329449677
2024,15,"PR","Outras Respiratórias",77,47.4545454545455,19.2928410744078,81.6833290559196
2024,15,"RS","Influenza",6,61,19.2928410744078,81.6833290559196
2024,15,"RS","Outras Respiratórias",71,68.1267605633803,19.2928410744078,81.6833290559196
2024,15,"SC","Outras Respiratórias",53,66.8490566037736,19.2928410744078,81.6833290559196
2024,16,"PR","Outras Respiratórias",73,49.2328767123288,19.6145953069981,79.660691621314
2024,16,"RS","Outras Respiratórias",69,61.1159420289855,19.6145953069981,79.660691621314
2024,16,"SC","Influenza",10,91,19.6145953069981,79.660691621314
2024,16,"SC","Outras Respiratórias",61,68.5409836065574,19.6145953069981,79.660691621314
2024,17,"PR","Influenza",29,47.8965517241379,19.6622721712686,79.9589417647066
2024,17,"PR","Outras Respiratórias",45,49.4,19.6622721712686,79.9589417647066
2024,17,"RS","Influenza",11,52,19.6622721712686,79.9589417647066
2024,17,"RS","Outras Respiratórias",66,61.3787878787879,19.6622721712686,79.9589417647066
2024,17,"SC","Outras Respiratórias",46,65.8913043478261,19.6622721712686,79.9589417647066
2024,18,"PR","Outras Respiratórias",109,40.256880733945,17.1223309292618,75.4333575229104
2024,18,"RS","Outras Respiratórias",84,50.5357142857143,17.1223309292618,75.4333575229104
2024,18,"SC","Outras Respiratórias",54,65.962962962963,17.1223309292618,75.4333575229104
2024,19,"PR","Influenza",14,85,15.9591462359361,76.4521512687744
2024,19,"PR","Outras Respiratórias",78,74.1923076923077,15.9591462359361,76.4521512687744
2024,19,"RS","Influenza",16,84,15.9591462359361,76.4521512687744
2024,19,"RS","Outras Respiratórias",85,56.5176470588235,15.9591462359361,76.4521512687744
2024,19,"SC","Influenza",12,76,15.9591462359361,76.4521512687744
2024,19,"SC","Outras Respiratórias",67,70.9253731343284,15.9591462359361,76.4521512687744
2024,20,"PR","Outras Respiratórias",102,63.1078431372549,15.3278244323434,75.6124763464105
2024,20,"RS","Outras Respiratórias",102,63.2058823529412,15.3278244323434,75.6124763464105
2024,20,"SC","Influenza",6,83,15.3278244323434,75.6124763464105
2024,20,"SC","Outras Respiratórias",62,49.2903225806452,15.3278244323434,75.6124763464105
2024,21,"PR","Outras Respiratórias",97,47.0412371134021,17.5850176350126,72.9974611374336
2024,21,"RS","Outras Respiratórias",84,40.4404761904762,17.5850176350126,72.9974611374336
2024,21,"SC","Influenza",13,49,17.5850176350126,72.9974611374336
2024,21,"SC","Outras Respiratórias",54,49.4444444444444,17.5850176350126,72.9974611374336
2024,22,"PR","Influenza",38,23.1315789473684,15.2687199101476,70.7616403543494
2024,22,"PR","Outras Respiratórias",66,66.5,15.2687199101476,70.7616403543494
2024,22,"RS","Outras Respiratórias",103,69.0776699029126,15.2687199101476,70.7616403543494
2024,22,"SC","Influenza",8,78,15.2687199101476,70.7616403543494
2024,22,"SC","Outras Respiratórias",55,47.4363636363636,15.2687199101476,70.7616403543494
2024,23,"PR","Influenza",37,81.7297297297297,12.5515192715205,70.1995858595439
2024,23,"PR","Outras Respiratórias",91,66.8021978021978,12.5515192715205,70.1995858595439
2024,23,"RS","Influenza",17,88,12.5515192715205,70.1995858595439
2024,23,"RS","Outras Respiratórias",103,72.5922330097087,12.5515192715205,70.1995858595439
2024,23,"SC","Outras Respiratórias",69,39.0289855072464,12.5515192715205,70.1995858595439
2024,24,"PR","Outras Respiratórias",131,44.4580152671756,11.9232634125221,70.0460370661793
2024,24,"RS","Influenza",15,31,11.9232634125221,70.0460370661793
2024,24,"RS","Outras Respiratórias",113,63.2477876106195,11.9232634125221,70.0460370661793
2024,24,"SC","Influenza",9,89,11.9232634125221,70.0460370661793
2024,24,"SC","Outras Respiratórias",67,46.134328358209,11.9232634125221,70.0460370661793
2024,25,"PR","Influenza",20,18,13.0698806930512,70.4855665235307
2024,25,"PR","Outras Respiratórias",118,67.6864406779661,13.0698806930512,70.4855665235307
2024,25,"RS","Influenza",48,38.7708333333333,13.0698806930512,70.4855665235307
2024,25,"RS","Outras Respiratórias",66,40.5909090909091,13.0698806930512,70.4855665235307
2024,25,"SC","Influenza",8,38,13.0698806930512,70.4855665235307
2024,25,"SC","Outras Respiratórias",64,48.1875,13.0698806930512,70.4855665235307
2024,26,"PR","Influenza",31,56.7741935483871,12.6579961267077,70.3601462831048
2024,26,"PR","Outras Respiratórias",86,58.3255813953488,12.6579961267077,70.3601462831048
2024,26,"RS","Influenza",20,18,12.6579961267077,70.3601462831048
2024,26,"RS","Outras Respiratórias",92,61.25,12.6579961267077,70.3601462831048
2024,26,"SC","Outras Respiratórias",91,55.5934065934066,12.6579961267077,70.3601462831048
2024,27,"PR","Outras Respiratórias",128,67.25,11.967248140979,65.1714772046349
2024,27,"RS","Influenza",15,49,11.967248140979,65.1714772046349
2024,27,"RS","Outras Respiratórias",91,62.3076923076923,11.967248140979,65.1714772046349
2024,27,"SC","Outras Respiratórias",78,69.2435897435897,11.967248140979,65.1714772046349
2024,28,"PR","Influenza",23,89,12.0292515059035,67.1629029081221
2024,28,"PR","Outras Respiratórias",88,63.5113636363636,12.0292515059035,67.1629029081221
2024,28,"RS","Influenza",23,82.2608695652174,12.0292515059035,67.1629029081221
2024,28,"RS","Outras Respiratórias",86,59.6627906976744,12.0292515059035,67.1629029081221
2024,28,"SC","Outras Respiratórias",77,54.6233766233766,12.0292515059035,67.1629029081221
2024,29,"PR","Influenza",16,11,13.6530222685091,67.1038381520644
2024,29,"PR","Outras Respiratórias",118,64.6864406779661,13.6530222685091,67.1038381520644
2024,29,"RS","Influenza",8,93,13.6530222685091,67.1038381520644
2024,29,"RS","Outras Respiratórias",92,58.2826086956522,13.6530222685091,67.1038381520644
2024,29,"SC","Influenza",13,75,13.6530222685091,67.1038381520644
2024,29,"SC","Outras Respiratórias",83,42.8433734939759,13.6530222685091,67.1038381520644
2024,30,"PR","Influenza",21,52,11.6505345071813,67.6137353943011
2024,30,"PR","Outras Respiratórias",94,40.2765957446809,11.6505345071813,67.6137353943011
2024,30,"RS","Influenza",51,52.7647058823529,11.6505345071813,67.6137353943011
2024,30,"RS","Outras Respiratórias",45,84.5777777777778,11.6505345071813,67.6137353943011
2024,30,"SC","Outras Respiratórias",85,32.8470588235294,11.6505345071813,67.6137353943011
2024,31,"PR","Influenza",16,87,11.4377282665982,67.1242566388883
2024,31,"PR","Outras Respiratórias",114,61.4561403508772,11.4377282665982,67.1242566388883
2024,31,"RS","Outras Respiratórias",123,39.0569105691057,11.4377282665982,67.1242566388883
2024,31,"SC","Outras Respiratórias",82,37.1951219512195,11.4377282665982,67.1242566388883
2024,32,"PR","Influenza",20,71,13.2655132634562,63.9336599049185
2024,32,"PR","Outras Respiratórias",87,47.8045977011494,13.2655132634562,63.9336599049185
2024,32,"RS","Outras Respiratórias",123,46,13.2655132634562,63.9336599049185
2024,32,"SC","Influenza",25,92.32,13.2655132634562,63.9336599049185
2024,32,"SC","Outras Respiratórias",57,58.1228070175439,13.2655132634562,63.9336599049185
2024,33,"PR","Influenza",21,11,13.3154978088543,58.3899995952898
2024,33,"PR","Outras Respiratórias",104,59.0673076923077,13.3154978088543,58.3899995952898
2024,33,"RS","Influenza",20,100,13.3154978088543,58.3899995952898
2024,33,"RS","Outras Respiratórias",95,65.8947368421053,13.3154978088543,58.3899995952898
2024,33,"SC","Influenza",10,66,13.3154978088543,58.3899995952898
2024,33,"SC","Outras Respiratórias",52,73.5,13.3154978088543,58.3899995952898
2024,34,"PR","Outras Respiratórias",112,52.3392857142857,14.5238899794978,58.2393939454453
2024,34,"RS","Outras Respiratórias",99,44.4747474747475,14.5238899794978,58.2393939454453
2024,34,"SC","Outras Respiratórias",81,55.4197530864198,14.5238899794978,58.2393939454453
2024,35,"PR","Influenza",21,33,11.7811857137333,62.4052063167185
2024,35,"PR","Outras Respiratórias",99,72.2020202020202,11.7811857137333,62.4052063167185
2024,35,"RS","Influenza",14,59,11.7811857137333,62.4052063167185
2024,35,"RS","Outras Respiratórias",74,75.5405405405405,11.7811857137333,62.4052063167185
2024,35,"SC","Outras Respiratórias",82,55.9634146341463,11.7811857137333,62.4052063167185
2024,36,"PR","Influenza",17,89,16.3111704125655,60.1815667336321
2024,36,"PR","Outras Respiratórias",85,68.3294117647059,16.3111704125655,60.1815667336321
2024,36,"RS","Outras Respiratórias",92,75.1086956521739,16.3111704125655,60.1815667336321
2024,36,"SC","Outras Respiratórias",62,67.5806451612903,16.3111704125655,60.1815667336321
2024,37,"PR","Outras Respiratórias",94,29.8191489361702,15.1449702604434,59.5766032509248
2024,37,"RS","Influenza",15,34,15.1449702604434,59.5766032509248
2024,37,"RS","Outras Respiratórias",85,70.7882352941176,15.1449702604434,59.5766032509248
2024,37,"SC","Influenza",20,45.4,15.1449702604434,59.5766032509248
2024,37,"SC","Outras Respiratórias",56,67.0178571428571,15.1449702604434,59.5766032509248
2024,38,"PR","Outras Respiratórias",100,60.7,15.4270600481775,60.316752812115
2024,38,"RS","Outras Respiratórias",99,55.5050505050505,15.4270600481775,60.316752812115
2024,38,"SC","Influenza",12,21,15.4270600481775,60.316752812115
2024,38,"SC","Outras Respiratórias",60,67.6833333333333,15.4270600481775,60.316752812115
2024,39,"PR","Outras Respiratórias",108,71.3333333333333,16.1797132766434,62.939325157789
2024,39,"RS","Influenza",16,65,16.1797132766434,62.939325157789
2024,39,"RS","Outras Respiratórias",76,51.2763157894737,16.1797132766434,62.939325157789
2024,39,"SC","Influenza",7,70,16.1797132766434,62.939325157789
2024,39,"SC","Outras Respiratórias",47,78.468085106383,16.1797132766434,62.939325157789
2024,40,"PR","Influenza",9,24,18.6052079849138,64.1453371002189
2024,40,"PR","Outras Respiratórias",71,61.4929577464789,18.6052079849138,64.1453371002189
2024,40,"RS","Influenza",11,74,18.6052079849138,64.1453371002189
2024,40,"RS","Outras Respiratórias",65,69.4615384615385,18.6052079849138,64.1453371002189
2024,40,"SC","Influenza",10,32,18.6052079849138,64.1453371002189
2024,40,"SC","Outras Respiratórias",41,58.4634146341463,18.6052079849138,64.1453371002189
2024,41,"PR","Outras Respiratórias",81,57.3456790123457,20.8736840102788,58.7671325587277
2024,41,"RS","Influenza",8,72,20.8736840102788,58.7671325587277
2024,41,"RS","Outras Respiratórias",55,64.5272727272727,20.8736840102788,58.7671325587277
2024,41,"SC","Influenza",7,87,20.8736840102788,58.7671325587277
2024,41,"SC","Outras Respiratórias",47,76.1702127659574,20.8736840102788,58.7671325587277
2024,42,"PR","Outras Respiratórias",70,44.0857142857143,21.0900258777248,61.0148590770426
2024,42,"RS","Outras Respiratórias",68,50.7058823529412,21.0900258777248,61.0148590770426
2024,42,"SC","Influenza",6,88,21.0900258777248,61.0148590770426
2024,42,"SC","Outras Respiratórias",51,78.6274509803922,21.0900258777248,61.0148590770426
2024,43,"PR","Outras Respiratórias",83,51.144578313253,19.6942826525447,60.5236942317553
2024,43,"RS","Outras Respiratórias",89,71.9101123595506,19.6942826525447,60.5236942317553
2024,43,"SC","Outras Respiratórias",53,66.0943396226415,19.6942826525447,60.5236942317553
2024,44,"PR","Outras Respiratórias",73,56.7397260273973,20.4694859712268,63.5463757614983
2024,44,"RS","Outras Respiratórias",70,51.1285714285714,20.4694859712268,63.5463757614983
2024,44,"SC","Influenza",5,24,20.4694859712268,63.5463757614983
2024,44,"SC","Outras Respiratórias",47,53.1702127659574,20.4694859712268,63.5463757614983
2024,45,"PR","Influenza",6,64,22.7172383348201,68.6335641349315
2024,45,"PR","Outras Respiratórias",62,70.4193548387097,22.7172383348201,68.6335641349315
2024,45,"RS","Influenza",10,59.5,22.7172383348201,68.6335641349315
2024,45,"RS","Outras Respiratórias",49,62.0408163265306,22.7172383348201,68.6335641349315
2024,45,"SC","Influenza",16,25.625,22.7172383348201,68.6335641349315
2024,45,"SC","Outras Respiratórias",23,60.2173913043478,22.7172383348201,68.6335641349315
2024,46,"PR","Outras Respiratórias",67,56.9402985074627,24.4411403548031,60.0079389728038
2024,46,"RS","Outras Respiratórias",59,68.8305084745763,24.4411403548031,60.0079389728038
2024,46,"SC","Influenza",11,94,24.4411403548031,60.0079389728038
2024,46,"SC","Outras Respiratórias",34,52.2941176470588,24.4411403548031,60.0079389728038
2024,47,"PR","Outras Respiratórias",59,63.8474576271186,26.0793266097992,67.5693023626591
2024,47,"RS","Outras Respiratórias",49,57.469387755102,26.0793266097992,67.5693023626591
2024,47,"SC","Influenza",4,67,26.0793266097992,67.5693023626591
2024,47,"SC","Outras Respiratórias",29,67.7241379310345,26.0793266097992,67.5693023626591
2024,48,"PR","Outras Respiratórias",74,46.5135135135135,20.9862471776415,65.7898100985984
2024,48,"RS","Outras Respiratórias",53,61.4150943396226,20.9862471776415,65.7898100985984
2024,48,"SC","Influenza",13,12.0769230769231,20.9862471776415,65.7898100985984
2024,48,"SC","Outras Respiratórias",34,45.1176470588235,20.9862471776415,65.7898100985984
2024,49,"PR","Influenza",10,77,27.0780535195025,72.212298136859
2024,49,"PR","Outras Respiratórias",46,56.1304347826087,27.0780535195025,72.212298136859
2024,49,"RS","Influenza",6,57,27.0780535195025,72.212298136859
2024,49,"RS","Outras Respiratórias",34,41.3235294117647,27.0780535195025,72.212298136859
2024,49,"SC","Influenza",8,82.5,27.0780535195025,72.212298136859
2024,49,"SC","Outras Respiratórias",25,67.44,27.0780535195025,72.212298136859
2024,50,"PR","Outras Respiratórias",38,53.8684210526316,27.20856038364,71.1866517632255
2024,50,"RS","Influenza",12,45.3333333333333,27.20856038364,71.1866517632255
2024,50,"RS","Outras Respiratórias",30,67.6666666666667,27.20856038364,71.1866517632255
2024,50,"SC","Outras Respiratórias",24,59.1666666666667,27.20856038364,71.1866517632255
2024,51,"PR","Influenza",8,68,26.3736543910985,69.1241901548515
2024,51,"PR","Outras Respiratórias",34,59,26.3736543910985,69.1241901548515
2024,51,"RS","Influenza",13,93.6923076923077,26.3736543910985,69.1241901548515
2024,51,"RS","Outras Respiratórias",32,77.75,26.3736543910985,69.1241901548515
2024,51,"SC","Influenza",5,97,26.3736543910985,69.1241901548515
2024,51,"SC","Outras Respiratórias",32,50.5,26.3736543910985,69.1241901548515
2024,52,"PR","Outras Respiratórias",60,67.6666666666667,28.7020831512514,68.1641520303524
2024,52,"RS","Outras Respiratórias",38,53.5263157894737,28.7020831512514,68.1641520303524
2024,52,"SC","Outras Respiratórias",36,58.7222222222222,28.7020831512514,68.1641520303524
2025,1,"PR","Outras Respiratórias",19,21.8421052631579,27.3874728711144,71.4030424807916
2025,1,"RS","Outras Respiratórias",14,84.2142857142857,27.3874728711144,71.4030424807916
2025,1,"SC","Influenza",1,50,27.3874728711144,71.4030424807916
2025,1,"SC","Outras Respiratórias",9,56.2222222222222,27.3874728711144,71.4030424807916
